run_id,state,frequency_hz,protocol_mode,load,N,combo,repeat,source_path,source_kind,modules,I_sum_mA,I_total_original_field_mA,I_sum_min_est_mA,I_sum_max_est_mA,V_source_recorded_V,V_source_min_recorded_V,V_source_max_recorded_V,P_output_est_mW,V_module_recorded_min_V,V_module_recorded_max_V,V_module_min_recorded_V,V_module_max_recorded_V,max_drop_recorded_mV,T_STM32_max_recorded_C,T_regulator_recorded_C,T_Teensy_recorded_C,n_repeat,SD_repeat_mA,source_quality_label,date_recorded,measurement_start_recorded,operator_recorded,load_mass_recorded_g,load_area_recorded_mm2,load_application_recorded,load_equivalence_verified,warmup_duration_nominal_s,measurement_duration_nominal_s,duration_verified,fault_zero_observation_verified,fault_counts_as_recorded,temperature_equilibrium_verified,reading_semantics
PS01_N1_F100_ZERO_M0_R1,BLOCKED_STANDBY_NO_CONTINUOUS_USB_READ,100,FULL,ZERO,1,M0,1,DATA/raw/canonical/power_raw.csv,legacy_csv,"[""M0""]",8.13,,8.112,14.5,3.281,3.281,3.282,26.674530000000004,3.267,3.267,3.266,3.267,14.000000000000234,26.1,27.1,39.5,1,,Current peak requires repeat measurement; power-supply current-limit setting not recorded.,2026-08-31,2026-08-31 16:22,,,,,False,,,False,False,"{""reset_count"": ""0"", ""current_limit_count"": ""0"", ""brownout_count"": ""0"", ""data_stop_count"": ""0"", ""data_gap_count"": null}",False,recorded_representative_not_verified_time_average
PS01_N1_F200_ZERO_M0_R1,BLOCKED_STANDBY_NO_CONTINUOUS_USB_READ,200,FULL,ZERO,1,M0,1,DATA/raw/canonical/power_raw.csv,legacy_csv,"[""M0""]",8.13,,8.112,14.5,3.281,3.281,3.282,26.674530000000004,3.267,3.267,3.266,3.267,14.000000000000234,26.1,27.1,39.5,1,,Current peak requires repeat measurement; power-supply current-limit setting not recorded.,2026-08-31,2026-08-31 17:00,,,,,False,,,False,False,"{""reset_count"": ""0"", ""current_limit_count"": ""0"", ""brownout_count"": ""0"", ""data_stop_count"": ""0"", ""data_gap_count"": null}",False,recorded_representative_not_verified_time_average
PS01_N1_F200_MAX_M0_R1,BLOCKED_STANDBY_NO_CONTINUOUS_USB_READ,200,FULL,MAX,1,M0,1,DATA/raw/canonical/power_raw.csv,legacy_csv,"[""M0""]",8.13,,8.112,14.5,3.281,3.281,3.282,26.674530000000004,3.267,3.267,3.266,3.267,14.000000000000234,26.1,27.1,39.5,1,,Power-supply current-limit setting is not recorded; no further single-module load screening is planned.,2026-08-31,2026-08-31 17:02,,,,,False,,,False,False,"{""reset_count"": ""0"", ""current_limit_count"": ""0"", ""brownout_count"": ""0"", ""data_stop_count"": ""0"", ""data_gap_count"": null}",False,recorded_representative_not_verified_time_average
PS01_N1_F100_ZERO_M1_R1,BLOCKED_STANDBY_NO_CONTINUOUS_USB_READ,100,FULL,ZERO,1,M1,1,DATA/raw/canonical/power_raw.csv,legacy_csv,"[""M1""]",8.119,,8.112,15.98,3.281,3.281,3.282,26.638439,3.271,3.271,3.27,3.271,10.000000000000231,25.9,45.0,28.9,1,,Module current; measurement start time; and power-supply current-limit setting remain unavailable.,2026-08-31,,,,,,False,,,False,False,"{""reset_count"": ""0"", ""current_limit_count"": ""0"", ""brownout_count"": ""0"", ""data_stop_count"": ""0"", ""data_gap_count"": null}",False,recorded_representative_not_verified_time_average
PS01_N1_F200_ZERO_M1_R1,BLOCKED_STANDBY_NO_CONTINUOUS_USB_READ,200,FULL,ZERO,1,M1,1,DATA/raw/canonical/power_raw.csv,legacy_csv,"[""M1""]",8.119,,8.112,15.98,3.281,3.281,3.282,26.638439,3.271,3.271,3.27,3.271,10.000000000000231,25.9,28.9,45.0,1,,Module current; measurement start time; and power-supply current-limit setting remain unavailable.,2026-08-31,,,,,,False,,,False,False,"{""reset_count"": ""0"", ""current_limit_count"": ""0"", ""brownout_count"": ""0"", ""data_stop_count"": ""0"", ""data_gap_count"": null}",False,recorded_representative_not_verified_time_average
PS01_N1_F200_MAX_M1_R1,BLOCKED_STANDBY_NO_CONTINUOUS_USB_READ,200,FULL,MAX,1,M1,1,DATA/raw/canonical/power_raw.csv,legacy_csv,"[""M1""]",8.119,,8.112,15.98,3.281,3.281,3.282,26.638439,3.271,3.271,3.27,3.271,10.000000000000231,25.9,45.0,28.9,1,,Module current; measurement start time; and power-supply current-limit setting remain unavailable.,2026-08-31,,,,,,False,,,False,False,"{""reset_count"": ""0"", ""current_limit_count"": ""0"", ""brownout_count"": ""0"", ""data_stop_count"": ""0"", ""data_gap_count"": null}",False,recorded_representative_not_verified_time_average
PS01_N1_F200_ZERO_M2_R1,BLOCKED_STANDBY_NO_CONTINUOUS_USB_READ,200,FULL,ZERO,1,M2,1,DATA/raw/canonical/power_raw.csv,legacy_csv,"[""M2""]",8.988,,8.866,16.99,3.281,3.281,3.282,29.489628,3.267,3.267,3.266,3.267,14.000000000000234,25.9,28.4,45.0,1,,Module branch current; measurement start time; and power-supply current-limit setting remain unavailable.,2026-08-31,2026-08-31 17:41,,,,,False,,,False,False,"{""reset_count"": ""0"", ""current_limit_count"": ""0"", ""brownout_count"": ""0"", ""data_stop_count"": ""0"", ""data_gap_count"": null}",False,recorded_representative_not_verified_time_average
PS01_N1_F200_ZERO_M3_R1,BLOCKED_STANDBY_NO_CONTINUOUS_USB_READ,200,FULL,ZERO,1,M3,1,DATA/raw/canonical/power_raw.csv,legacy_csv,"[""M3""]",8.174,,8.031,16.3,3.281,3.281,3.282,26.818894,3.265,3.265,3.264,3.266,16.000000000000014,25.9,29.2,44.9,1,,Module branch current; measurement start time; and power-supply current-limit setting remain unavailable.,2026-08-31,2026-08-31 17:41,,,,,False,,,False,False,"{""reset_count"": ""0"", ""current_limit_count"": ""0"", ""brownout_count"": ""0"", ""data_stop_count"": ""0"", ""data_gap_count"": null}",False,recorded_representative_not_verified_time_average
PS01_N2_F200_ZERO_R1,BLOCKED_STANDBY_NO_CONTINUOUS_USB_READ,200,FULL,ZERO,2,M0+M1,1,DATA/raw/canonical/power_raw.csv,legacy_csv,"[""M0"", ""M1""]",16.267,16.267,16.238,32.400000000000006,3.28,3.28,3.28,53.35576,3.263,3.269,3.262,3.27,16.999999999999904,26.1,29.3,45.7,1,,Measurement start time; measurement duration; and power-supply current-limit setting remain unavailable; total minimum and maximum are unsynchronized estimates.,2026-08-31,,,,,,False,,,False,False,"{""reset_count"": ""0"", ""current_limit_count"": ""0"", ""brownout_count"": ""0"", ""data_stop_count"": ""0"", ""data_gap_count"": null}",False,recorded_representative_not_verified_time_average
PS01_N3_F200_ZERO_R1,BLOCKED_STANDBY_NO_CONTINUOUS_USB_READ,200,FULL,ZERO,3,M0+M1+M2,1,DATA/raw/canonical/power_raw.csv,legacy_csv,"[""M0"", ""M1"", ""M2""]",25.179000000000002,25.179,24.779,48.53,3.279,3.279,3.279,82.561941,3.263,3.268,3.262,3.269,16.000000000000014,26.3,29.0,46.4,1,,Measurement start time; measurement duration; and power-supply current-limit setting remain unavailable; total minimum and maximum are unsynchronized estimates.,2026-08-31,,,,,,False,,,False,False,"{""reset_count"": ""0"", ""current_limit_count"": ""0"", ""brownout_count"": ""0"", ""data_stop_count"": ""0"", ""data_gap_count"": null}",False,recorded_representative_not_verified_time_average
PS01_N4_F200_ZERO_R1,BLOCKED_STANDBY_NO_CONTINUOUS_USB_READ,200,FULL,ZERO,4,M0+M1+M2+M3,1,DATA/raw/canonical/power_raw.csv,legacy_csv,"[""M0"", ""M1"", ""M2"", ""M3""]",32.492,32.492,32.028,64.22,3.278,3.278,3.279,106.508776,3.26,3.266,3.259,3.267,18.000000000000238,,,,1,,"Measurement start time, duration, temperatures and state counters were not recorded.",,,,,,,False,,,False,False,"{""reset_count"": """", ""current_limit_count"": """", ""brownout_count"": """", ""data_stop_count"": """", ""data_gap_count"": null}",False,recorded_representative_not_verified_time_average
PS01_N2_F200_ZERO_M2_M3_R1,BLOCKED_STANDBY_NO_CONTINUOUS_USB_READ,200,FULL,ZERO,2,M2+M3,1,DATA/raw/canonical/power_raw.csv,legacy_csv,"[""M2"", ""M3""]",16.646,16.646,16.380000000000003,,3.28,3.279,3.28,54.59888,3.266,3.266,3.265,3.267,13.99999999999979,25.9,28.8,44.95,1,,"Measurement time, duration, source current extrema and stable branch maxima were not provided; temperature values are inherited reference values; total minimum is an unsynchronised estimate from branch minima.",,,,,,,False,,,False,False,"{""reset_count"": ""0"", ""current_limit_count"": ""0"", ""brownout_count"": ""0"", ""data_stop_count"": ""0"", ""data_gap_count"": null}",False,recorded_representative_not_verified_time_average
PS01_N3_F200_ZERO_M1_M2_M3_R1,BLOCKED_STANDBY_NO_CONTINUOUS_USB_READ,200,FULL,ZERO,3,M1+M2+M3,1,DATA/raw/canonical/power_raw.csv,legacy_csv,"[""M1"", ""M2"", ""M3""]",24.91,24.91,24.47,46.45,3.279,3.278,3.279,81.67989,3.265,3.268,3.264,3.268,13.99999999999979,25.9,28.83,44.97,1,,"Measurement time, duration and source current extrema were not provided; temperature values are inherited reference values; total minimum and maximum are unsynchronised estimates.",,,,,,,False,,,False,False,"{""reset_count"": ""0"", ""current_limit_count"": ""0"", ""brownout_count"": ""0"", ""data_stop_count"": ""0"", ""data_gap_count"": null}",False,recorded_representative_not_verified_time_average
PS01_N1_F200_MAX_M0_USB_RX_R1,CONTINUOUS_USB_READ,200,FULL,MAX,1,M0,1,DATA/raw/canonical/power_experiment_records/transmission/n=1/M0/full_load/PS01_N1_F200_MAX_M0_USB_RX_R1.yaml,continuous_yaml,"[""M0""]",19.689,,19.52,19.69,3.281,3.281,3.281,64.599609,3.231,3.231,3.231,3.232,50.00000000000027,26.3,29.0,43.5,1,,INCOMPLETE,,,,2000.0,,,False,30.0,10.0,False,False,"{""reset_count"": 0, ""current_limit_count"": 0, ""brownout_count"": 0, ""data_stop_count"": 0, ""data_gap_count"": 0}",False,recorded_representative_not_verified_time_average
PS01_N1_F200_ZERO_M0_USB_RX_R1,CONTINUOUS_USB_READ,200,FULL,ZERO,1,M0,1,DATA/raw/canonical/power_experiment_records/transmission/n=1/M0/zero_load/PS01_N1_F200_ZERO_M0_USB_RX_R1.yaml,continuous_yaml,"[""M0""]",18.16,,18.13,18.2,3.28,3.28,3.281,59.5648,3.235,3.235,3.235,3.235,44.99999999999993,27.7,29.0,43.6,1,,INCOMPLETE,,,,0.0,0.0,NONE,False,30.0,10.0,False,False,"{""reset_count"": 0, ""current_limit_count"": 0, ""brownout_count"": 0, ""data_stop_count"": 0, ""data_gap_count"": 0}",False,recorded_representative_not_verified_time_average
PS01_N1_F200_MAX_M1_USB_RX_R1,CONTINUOUS_USB_READ,200,FULL,MAX,1,M1,1,DATA/raw/canonical/power_experiment_records/transmission/n=1/M1/full_load/PS01_N1_F200_MAX_M1_USB_RX_R1.yaml,continuous_yaml,"[""M1""]",20.11,,20.06,20.12,3.281,3.28,3.281,65.98091,3.25,3.25,3.249,3.25,31.00000000000014,27.3,29.0,41.6,1,,INCOMPLETE,,,,2000.0,,,False,30.0,10.0,False,False,"{""reset_count"": 0, ""current_limit_count"": 0, ""brownout_count"": 0, ""data_stop_count"": 0, ""data_gap_count"": 0}",False,recorded_representative_not_verified_time_average
PS01_N1_F200_ZERO_M1_USB_RX_R1,CONTINUOUS_USB_READ,200,FULL,ZERO,1,M1,1,DATA/raw/canonical/power_experiment_records/transmission/n=1/M1/zero_load/PS01_N1_F200_ZERO_M1_USB_RX_R1.yaml,continuous_yaml,"[""M1""]",18.38,,18.35,18.41,3.281,3.28,3.281,60.30478,3.255,3.255,3.255,3.255,26.000000000000245,26.9,28.7,41.7,1,,INCOMPLETE,,,,0.0,0.0,NONE,False,30.0,10.0,False,False,"{""reset_count"": 0, ""current_limit_count"": 0, ""brownout_count"": 0, ""data_stop_count"": 0, ""data_gap_count"": 0}",False,recorded_representative_not_verified_time_average
PS01_N1_F200_MAX_M2_USB_RX_R1,CONTINUOUS_USB_READ,200,FULL,MAX,1,M2,1,DATA/raw/canonical/power_experiment_records/transmission/n=1/M2/full_load/PS01_N1_F200_MAX_M2_USB_RX_R1.yaml,continuous_yaml,"[""M2""]",19.897,,19.86,19.93,3.281,3.28,3.281,65.282057,3.247,3.247,3.247,3.25,34.000000000000256,27.1,29.0,41.9,1,,INCOMPLETE,,,,2000.0,,,False,30.0,10.0,False,False,"{""reset_count"": 0, ""current_limit_count"": 0, ""brownout_count"": 0, ""data_stop_count"": 0, ""data_gap_count"": 0}",False,recorded_representative_not_verified_time_average
PS01_N1_F200_ZERO_M2_USB_RX_R1,CONTINUOUS_USB_READ,200,FULL,ZERO,1,M2,1,DATA/raw/canonical/power_experiment_records/transmission/n=1/M2/zero_load/PS01_N1_F200_ZERO_M2_USB_RX_R1.yaml,continuous_yaml,"[""M2""]",18.36,,18.34,18.38,3.281,3.28,3.281,60.23916,3.249,3.249,3.249,3.249,32.00000000000003,26.9,29.0,41.8,1,,INCOMPLETE,,,,0.0,0.0,NONE,False,30.0,10.0,False,False,"{""reset_count"": 0, ""current_limit_count"": 0, ""brownout_count"": 0, ""data_stop_count"": 0, ""data_gap_count"": 0}",False,recorded_representative_not_verified_time_average
PS01_N1_F200_MAX_M3_USB_RX_R1,CONTINUOUS_USB_READ,200,FULL,MAX,1,M3,1,DATA/raw/canonical/power_experiment_records/transmission/n=1/M3/full_load/PS01_N1_F200_MAX_M3_USB_RX_R1.yaml,continuous_yaml,"[""M3""]",20.34,,20.3,20.39,3.28,3.28,3.28,66.7152,3.248,3.248,3.248,3.248,31.999999999999584,27.1,29.0,41.9,1,,INCOMPLETE,,,,2000.0,,,False,30.0,10.0,False,False,"{""reset_count"": 0, ""current_limit_count"": 0, ""brownout_count"": 0, ""data_stop_count"": 0, ""data_gap_count"": 0}",False,recorded_representative_not_verified_time_average
PS01_N1_F200_ZERO_M3_USB_RX_R1,CONTINUOUS_USB_READ,200,FULL,ZERO,1,M3,1,DATA/raw/canonical/power_experiment_records/transmission/n=1/M3/zero_load/PS01_N1_F200_ZERO_M3_USB_RX_R1.yaml,continuous_yaml,"[""M3""]",18.4,,18.36,18.44,3.28,3.28,3.28,60.35199999999999,3.251,3.251,3.25,3.251,28.999999999999915,26.9,29.0,41.8,1,,INCOMPLETE,,,,0.0,0.0,NONE,False,30.0,10.0,False,False,"{""reset_count"": 0, ""current_limit_count"": 0, ""brownout_count"": 0, ""data_stop_count"": 0, ""data_gap_count"": 0}",False,recorded_representative_not_verified_time_average
PS01_N2_F200_MAX_M0-M1_USB_RX_R1,CONTINUOUS_USB_READ,200,FULL,MAX,2,M0+M1,1,DATA/raw/canonical/power_experiment_records/transmission/n=2/M0-M1/full_load/PS01_N2_F200_MAX_M0-M1_USB_RX_R1.yaml,continuous_yaml,"[""M0"", ""M1""]",39.968,,39.84,40.03,3.278,3.278,3.279,131.015104,3.241,3.248,3.241,3.248,36.99999999999992,27.3,29.6,42.9,1,,INCOMPLETE,,,,2000.0,,,False,30.0,10.0,False,False,"{""reset_count"": 0, ""current_limit_count"": 0, ""brownout_count"": 0, ""data_stop_count"": 0, ""data_gap_count"": 0}",False,recorded_representative_not_verified_time_average
PS01_N2_F200_ZERO_M0-M1_USB_RX_R1,CONTINUOUS_USB_READ,200,FULL,ZERO,2,M0+M1,1,DATA/raw/canonical/power_experiment_records/transmission/n=2/M0-M1/zero_load/PS01_N2_F200_ZERO_M0-M1_USB_RX_R1.yaml,continuous_yaml,"[""M0"", ""M1""]",36.016,,35.989999999999995,36.28,3.281,3.281,3.281,118.168496,3.234,3.252,3.234,3.252,47.000000000000156,27.1,29.0,43.1,1,,INCOMPLETE,,,,0.0,0.0,NONE,False,30.0,10.0,False,False,"{""reset_count"": 0, ""current_limit_count"": 0, ""brownout_count"": 0, ""data_stop_count"": 0, ""data_gap_count"": 0}",False,recorded_representative_not_verified_time_average
PS01_N2_F200_MAX_M2-M3_USB_RX_R1,CONTINUOUS_USB_READ,200,FULL,MAX,2,M2+M3,1,DATA/raw/canonical/power_experiment_records/transmission/n=2/M2-M3/full_load/PS01_N2_F200_MAX_M2-M3_USB_RX_R1.yaml,continuous_yaml,"[""M2"", ""M3""]",39.379,,39.22,39.5,3.278,3.278,3.279,129.084362,3.245,3.246,3.244,3.246,32.999999999999915,26.9,29.4,42.8,1,,COMPLETE,,,,2000.0,,,False,30.0,10.0,False,False,"{""reset_count"": 0, ""current_limit_count"": 0, ""brownout_count"": 0, ""data_stop_count"": 0, ""data_gap_count"": 0}",False,recorded_representative_not_verified_time_average
PS01_N2_F200_ZERO_M2-M3_USB_RX_R1,CONTINUOUS_USB_READ,200,FULL,ZERO,2,M2+M3,1,DATA/raw/canonical/power_experiment_records/transmission/n=2/M2-M3/zero_load/PS01_N2_F200_ZERO_M2-M3_USB_RX_R1.yaml,continuous_yaml,"[""M2"", ""M3""]",36.534000000000006,,36.5,36.58,3.279,3.278,3.279,119.79498600000002,3.248,3.248,3.248,3.248,30.999999999999694,27.1,29.2,42.6,1,,COMPLETE,,,,0.0,0.0,NONE,False,30.0,10.0,False,False,"{""reset_count"": 0, ""current_limit_count"": 0, ""brownout_count"": 0, ""data_stop_count"": 0, ""data_gap_count"": 0}",False,recorded_representative_not_verified_time_average
PS01_N3_F200_MAX_M0-M1-M2_USB_RX_R1,CONTINUOUS_USB_READ,200,FULL,MAX,3,M0+M1+M2,1,DATA/raw/canonical/power_experiment_records/transmission/n=3/M0-M1-M2/full_load/PS01_N3_F200_MAX_M0-M1-M2_USB_RX_R1.yaml,continuous_yaml,"[""M0"", ""M1"", ""M2""]",59.328,,59.29,59.39,3.276,3.275,3.276,194.358528,3.237,3.246,3.237,3.246,38.9999999999997,27.5,30.5,42.8,1,,COMPLETE,,,,2000.0,,,False,30.0,10.0,False,False,"{""reset_count"": 0, ""current_limit_count"": 0, ""brownout_count"": 0, ""data_stop_count"": 0, ""data_gap_count"": 0}",False,recorded_representative_not_verified_time_average
PS01_N3_F200_ZERO_M0-M1-M2_USB_RX_R1,CONTINUOUS_USB_READ,200,FULL,ZERO,3,M0+M1+M2,1,DATA/raw/canonical/power_experiment_records/transmission/n=3/M0-M1-M2/zero_load/PS01_N3_F200_ZERO_M0-M1-M2_USB_RX_R1.yaml,continuous_yaml,"[""M0"", ""M1"", ""M2""]",54.480999999999995,,54.44,54.519999999999996,3.276,3.276,3.277,178.47975599999998,3.224,3.25,3.224,3.25,51.9999999999996,27.5,30.5,42.8,1,,INCOMPLETE,,,,0.0,0.0,NONE,False,30.0,10.0,False,False,"{""reset_count"": 0, ""current_limit_count"": 0, ""brownout_count"": 0, ""data_stop_count"": 0, ""data_gap_count"": 0}",False,recorded_representative_not_verified_time_average
PS01_N3_F200_MAX_M1-M2-M3_USB_RX_R1,CONTINUOUS_USB_READ,200,FULL,MAX,3,M1+M2+M3,1,DATA/raw/canonical/power_experiment_records/transmission/n=3/M1-M2-M3/full_load/PS01_N3_F200_MAX_M1-M2-M3_USB_RX_R1.yaml,continuous_yaml,"[""M1"", ""M2"", ""M3""]",59.617000000000004,,59.47,59.72,3.276,3.276,3.276,195.305292,3.232,3.249,3.232,3.249,43.999999999999595,27.4,30.4,42.6,1,,COMPLETE,,,,2000.0,,,False,30.0,10.0,False,False,"{""reset_count"": 0, ""current_limit_count"": 0, ""brownout_count"": 0, ""data_stop_count"": 0, ""data_gap_count"": 0}",False,recorded_representative_not_verified_time_average
PS01_N3_F200_ZERO_M1-M2-M3_USB_RX_R1,CONTINUOUS_USB_READ,200,FULL,ZERO,3,M1+M2+M3,1,DATA/raw/canonical/power_experiment_records/transmission/n=3/M1-M2-M3/zero_load/PS01_N3_F200_ZERO_M1-M2-M3_USB_RX_R1.yaml,continuous_yaml,"[""M1"", ""M2"", ""M3""]",54.851,,54.78,55.11,3.276,3.276,3.277,179.69187599999998,3.245,3.249,3.245,3.249,30.999999999999694,27.3,30.6,43.0,1,,INCOMPLETE,,,,0.0,0.0,NONE,False,30.0,10.0,False,False,"{""reset_count"": 0, ""current_limit_count"": 0, ""brownout_count"": 0, ""data_stop_count"": 0, ""data_gap_count"": 0}",False,recorded_representative_not_verified_time_average
PS01_N4_F200_MAX_M0-M1-M2-M3_USB_RX_R1,CONTINUOUS_USB_READ,200,FULL,MAX,4,M0+M1+M2+M3,1,DATA/raw/canonical/power_experiment_records/transmission/n=4/M0-M1-M2-M3/full_load/PS01_N4_F200_MAX_M0-M1-M2-M3_USB_RX_R1.yaml,continuous_yaml,"[""M0"", ""M1"", ""M2"", ""M3""]",78.72,,78.59,79.04,3.273,3.273,3.273,257.65056,3.237,3.245,3.236,3.245,36.00000000000003,28.0,31.2,42.3,1,,COMPLETE,,,,2000.0,,,False,30.0,10.0,False,False,"{""reset_count"": 0, ""current_limit_count"": 0, ""brownout_count"": 0, ""data_stop_count"": 0, ""data_gap_count"": 0}",False,recorded_representative_not_verified_time_average
PS01_N4_F200_ZERO_M0-M1-M2-M3_USB_RX_R1,CONTINUOUS_USB_READ,200,FULL,ZERO,4,M0+M1+M2+M3,1,DATA/raw/canonical/power_experiment_records/transmission/n=4/M0-M1-M2-M3/zero_load/PS01_N4_F200_ZERO_M0-M1-M2-M3_USB_RX_R1.yaml,continuous_yaml,"[""M0"", ""M1"", ""M2"", ""M3""]",72.513,,72.28999999999999,72.69,3.274,3.273,3.274,237.407562,3.24,3.248,3.24,3.249,33.99999999999981,28.0,31.0,42.0,1,,COMPLETE,,,,0.0,0.0,NONE,False,30.0,10.0,False,False,"{""reset_count"": 0, ""current_limit_count"": 0, ""brownout_count"": 0, ""data_stop_count"": 0, ""data_gap_count"": 0}",False,recorded_representative_not_verified_time_average
