run_id,started_at,mode,condition,N,target_hz,modules,block,batch_id,repeat,old_relative_path,new_relative_path,duration_s,main_duration_s,main_packets,main_status,full_status,full_review_reasons,main_rate_Hz,main_Lmean_B,main_packet_Mbit_s,main_raw_arrival_Mbit_s,source_local_firmware,deployment_confirmed
20260906_232205_264776,2026-09-06T23:22:05.264776+01:00,FULL,zero_load,2,200,M0_M2,1,BATCH_8b70d810a0494c63acc0cb8f81cf45f4,1,20260906_232205_264776,FULL/N=2/200Hz/M0_M2/Repeat_1,40.00675830000546,30.00675830000546,6003,PASS,CHECK REQUIRED,unassigned_raw_bytes_in_full_capture,200.05493229166672,2128.0,3.405735167333334,3.405735433939941,four-module-variable-spi,False
20260906_232245_299955,2026-09-06T23:22:45.299955+01:00,FULL,zero_load,2,200,M0_M2,1,BATCH_8b70d810a0494c63acc0cb8f81cf45f4,2,20260906_232245_299955,FULL/N=2/200Hz/M0_M2/Repeat_2,40.00061509999796,30.000615099997958,6003,PASS,CHECK REQUIRED,unassigned_raw_bytes_in_full_capture,200.09589736713127,2128.0,3.4064325567780425,3.4064328234392423,four-module-variable-spi,False
20260906_232325_329233,2026-09-06T23:23:25.329233+01:00,FULL,zero_load,2,200,M0_M2,1,BATCH_8b70d810a0494c63acc0cb8f81cf45f4,3,20260906_232325_329233,FULL/N=2/200Hz/M0_M2/Repeat_3,40.000869000010425,30.000869000010425,6004,PASS,PASS,,200.1275363056288,2128.0,3.4069711780670247,3.4069711780670247,four-module-variable-spi,False
20260906_232950_210894,2026-09-06T23:29:50.210894+01:00,FULL,zero_load,2,200,M0_M3,1,BATCH_990964af54fc4a8e9e474a2376acbf02,1,20260906_232950_210894,FULL/N=2/200Hz/M0_M3/Repeat_1,40.00008600001456,30.000086000014562,6004,PASS,CHECK REQUIRED,unassigned_raw_bytes_in_full_capture,200.13275961932527,2128.0,3.4070600997593936,3.407060366425296,four-module-variable-spi,False
20260906_233030_242504,2026-09-06T23:30:30.242504+01:00,FULL,zero_load,2,200,M0_M3,1,BATCH_990964af54fc4a8e9e474a2376acbf02,2,20260906_233030_242504,FULL/N=2/200Hz/M0_M3/Repeat_2,40.00012979999883,30.00012979999883,6005,PASS,PASS,,200.16580061597713,2128.0,3.4076225896863948,3.4076225896863948,four-module-variable-spi,False
20260906_233110_283624,2026-09-06T23:31:10.283624+01:00,FULL,zero_load,2,200,M0_M3,1,BATCH_990964af54fc4a8e9e474a2376acbf02,3,20260906_233110_283624,FULL/N=2/200Hz/M0_M3/Repeat_3,40.00212759998976,30.002127599989763,6005,PASS,CHECK REQUIRED,unassigned_raw_bytes_in_full_capture,200.1524718534311,2128.0,3.407395680832811,3.4073959474805675,four-module-variable-spi,False
20260906_233400_039763,2026-09-06T23:34:00.039763+01:00,FULL,zero_load,2,200,M1_M2,1,BATCH_9870b18f5c6f405aba45d08917c5bf8e,1,20260906_233400_039763,FULL/N=2/200Hz/M1_M2/Repeat_1,40.00242430000799,30.002424300007988,6006,PASS,CHECK REQUIRED,unassigned_raw_bytes_in_full_capture,200.18382314519835,2128.0,3.4079294052238565,3.4079296718689753,four-module-variable-spi,False
20260906_233440_083230,2026-09-06T23:34:40.083230+01:00,FULL,zero_load,2,200,M1_M2,1,BATCH_9870b18f5c6f405aba45d08917c5bf8e,2,20260906_233440_083230,FULL/N=2/200Hz/M1_M2/Repeat_2,40.00059149999288,30.00059149999288,6007,PASS,CHECK REQUIRED,unassigned_raw_bytes_in_full_capture,200.22938547733054,2128.0,3.408705058366075,3.408705058366075,four-module-variable-spi,False
20260906_233520_115774,2026-09-06T23:35:20.115774+01:00,FULL,zero_load,2,200,M1_M2,1,BATCH_9870b18f5c6f405aba45d08917c5bf8e,3,20260906_233520_115774,FULL/N=2/200Hz/M1_M2/Repeat_3,40.00313950001146,30.003139500011457,6007,PASS,CHECK REQUIRED,unassigned_raw_bytes_in_full_capture,200.21238110757398,2128.0,3.4084155759753387,3.4084158426141022,four-module-variable-spi,False
20260906_233935_041252,2026-09-06T23:39:35.041252+01:00,FULL,zero_load,2,200,M1_M3,1,BATCH_d441cd5ac6fb45fe847fa468454f1d8b,1,20260906_233935_041252,FULL/N=2/200Hz/M1_M3/Repeat_1,40.00405499999761,30.004054999997607,6013,PASS,CHECK REQUIRED,unassigned_raw_bytes_in_full_capture,200.40624508922144,2128.0,3.4117159163989057,3.4117161830295326,four-module-variable-spi,False
20260906_234015_080026,2026-09-06T23:40:15.080026+01:00,FULL,zero_load,2,200,M1_M3,1,BATCH_d441cd5ac6fb45fe847fa468454f1d8b,2,20260906_234015_080026,FULL/N=2/200Hz/M1_M3/Repeat_2,40.00027250000858,30.000272500008577,6011,PASS,CHECK REQUIRED,unassigned_raw_bytes_in_full_capture,200.36484668591865,2128.0,3.4110111499810793,3.4110114166453234,four-module-variable-spi,False
20260906_234055_124089,2026-09-06T23:40:55.124089+01:00,FULL,zero_load,2,200,M1_M3,1,BATCH_d441cd5ac6fb45fe847fa468454f1d8b,3,20260906_234055_124089,FULL/N=2/200Hz/M1_M3/Repeat_3,40.002008200011915,30.002008200011915,6013,PASS,CHECK REQUIRED,unassigned_raw_bytes_in_full_capture,200.41991722399476,2128.0,3.4119486708212867,3.4119486708212867,four-module-variable-spi,False
20260906_234339_617031,2026-09-06T23:43:39.617031+01:00,FULL,zero_load,2,200,M2_M3,1,BATCH_9161ebb9271141febb469a6abcd14cb4,1,20260906_234339_617031,FULL/N=2/200Hz/M2_M3/Repeat_1,40.00170259998413,30.001702599984128,6007,PASS,CHECK REQUIRED,unassigned_raw_bytes_in_full_capture,200.22197006923128,2128.0,3.408578818458593,3.4085790851101265,four-module-variable-spi,False
20260906_234419_667943,2026-09-06T23:44:19.667943+01:00,FULL,zero_load,2,200,M2_M3,1,BATCH_9161ebb9271141febb469a6abcd14cb4,2,20260906_234419_667943,FULL/N=2/200Hz/M2_M3/Repeat_2,40.004241799993906,30.004241799993906,6007,PASS,CHECK REQUIRED,unassigned_raw_bytes_in_full_capture,200.2050256774434,2128.0,3.408290357132796,3.408290623761763,four-module-variable-spi,False
20260906_234459_699129,2026-09-06T23:44:59.699129+01:00,FULL,zero_load,2,200,M2_M3,1,BATCH_9161ebb9271141febb469a6abcd14cb4,3,20260906_234459_699129,FULL/N=2/200Hz/M2_M3/Repeat_3,40.00313180001103,30.003131800011033,6006,PASS,CHECK REQUIRED,unassigned_raw_bytes_in_full_capture,200.1791026361385,2128.0,3.407849043277622,3.4078493099164535,four-module-variable-spi,False
20260906_234631_872633,2026-09-06T23:46:31.872633+01:00,FULL,zero_load,2,200,M0_M1,1,BATCH_011a17c511724e4c87760f72a6433c4a,1,20260906_234631_872633,FULL/N=2/200Hz/M0_M1/Repeat_1,40.00328200001968,30.00328200001968,6003,PASS,CHECK REQUIRED,unassigned_raw_bytes_in_full_capture,200.07811145447562,2128.0,3.406129769400993,3.4061300360384896,four-module-variable-spi,False
20260906_234711_905577,2026-09-06T23:47:11.905577+01:00,FULL,zero_load,2,200,M0_M1,1,BATCH_011a17c511724e4c87760f72a6433c4a,2,20260906_234711_905577,FULL/N=2/200Hz/M0_M1/Repeat_2,40.00153480001609,30.00153480001609,6002,PASS,CHECK REQUIRED,unassigned_raw_bytes_in_full_capture,200.05643177950955,2128.0,3.4057606946143704,3.405760961267395,four-module-variable-spi,False
20260906_234751_945640,2026-09-06T23:47:51.945640+01:00,FULL,zero_load,2,200,M0_M1,1,BATCH_011a17c511724e4c87760f72a6433c4a,3,20260906_234751_945640,FULL/N=2/200Hz/M0_M1/Repeat_3,40.001827400003094,30.001827400003094,6003,PASS,CHECK REQUIRED,unassigned_raw_bytes_in_full_capture,200.08781198439203,2128.0,3.4062949112222896,3.406295177872714,four-module-variable-spi,False
