run_id,started_at,mode,condition,N,target_hz,modules,block,batch_id,repeat,old_relative_path,new_relative_path,duration_s,main_duration_s,main_packets,main_status,full_status,full_review_reasons,main_rate_Hz,main_Lmean_B,main_packet_Mbit_s,main_raw_arrival_Mbit_s,main_K_ESKD_mean,main_q_ESKF,main_ESKF_count,main_ESKD_count,source_local_firmware,deployment_confirmed,main_eligible,main_review_reasons,main_outer_crc_errors,main_outer_missing_sequence_numbers,main_missing_valid_expected_updates,main_interior_unassigned_raw_bytes,source_review,timing_note,replacement_batch_id,primary_matrix_selected,selection_reason,pc_max_completion_gap_ms,host_max_enqueue_gap_ms,host_packet_span_rate_Hz,independent_raw_audit,load_layers,load_description,independent_review_reasons,main_inner_sequence_events
20260907_013132_404213,2026-09-07T01:31:32.404213+01:00,DELTA,zero_load,1,200,M0,1,BATCH_2f989cb36d334ac587213f1a297dc628,1,20260907_013132_404213,DELTA/Zero_load/N=1/200Hz/M0/Repeat_1,40.002336899982765,30.002336899982765,6004,PASS,CHECK REQUIRED,initial_delta_prefix_cache_not_verifiable_from_file;unassigned_raw_bytes_in_full_capture,200.11774482818532,144.43271152564958,0.23122838807946275,0.23122865472535858,7.8572145965852025,0.004996668887408394,30,5974,four-module-variable-spi,False,True,,0,0,0,0,20260907_delta_zero_review,PC completion timestamps are buffered; packet rate per PC window is not physical scan rate. Max PC gap 239.0732 ms; max bridge gap 7 ms; consecutive sequences.,,True,original_complete_three_window_batch,239.07320000580512,7.0,200.1266835578077,PASS_no_detected_internal_transport_or_cache_chain_errors,,,,
20260907_013212_470890,2026-09-07T01:32:12.470890+01:00,DELTA,zero_load,1,200,M0,1,BATCH_2f989cb36d334ac587213f1a297dc628,2,20260907_013212_470890,DELTA/Zero_load/N=1/200Hz/M0/Repeat_2,40.00094880000688,30.00094880000688,6005,PASS,CHECK REQUIRED,initial_delta_prefix_cache_not_verifiable_from_file,200.1603362623859,145.56269775187343,0.23308702823420024,0.23308702823420024,8.34650150652829,0.005162364696086595,31,5974,four-module-variable-spi,False,True,,0,0,0,0,20260907_delta_zero_review,PC completion timestamps are buffered; packet rate per PC window is not physical scan rate. Max PC gap 184.2523 ms; max bridge gap 7 ms; consecutive sequences.,,True,original_complete_three_window_batch,184.25229997956194,7.0,200.12666244458518,PASS_no_detected_internal_transport_or_cache_chain_errors,,,,
20260907_013252_522986,2026-09-07T01:32:52.522986+01:00,DELTA,zero_load,1,200,M0,1,BATCH_2f989cb36d334ac587213f1a297dc628,3,20260907_013252_522986,DELTA/Zero_load/N=1/200Hz/M0/Repeat_3,40.00101000000723,30.001010000007227,6003,PASS,CHECK REQUIRED,initial_delta_prefix_cache_not_verifiable_from_file;unassigned_raw_bytes_in_full_capture,200.0932635267464,147.97701149425288,0.23687362525455938,0.23687389191224856,9.637870416875941,0.004997501249375313,30,5973,four-module-variable-spi,False,True,,0,0,0,0,20260907_delta_zero_review,PC completion timestamps are buffered; packet rate per PC window is not physical scan rate. Max PC gap 125.1519 ms; max bridge gap 7 ms; consecutive sequences.,,True,original_complete_three_window_batch,125.15189999248832,7.0,200.12003200853562,PASS_no_detected_internal_transport_or_cache_chain_errors,,,,
20260907_013403_341631,2026-09-07T01:34:03.341631+01:00,DELTA,zero_load,1,200,M1,1,BATCH_8bcb3e1a139a4809be4bd491c4a085c4,1,20260907_013403_341631,DELTA/Zero_load/N=1/200Hz/M1/Repeat_1,40.00371339998674,30.003713399986736,6010,PASS,CHECK REQUIRED,initial_delta_prefix_cache_not_verifiable_from_file,200.30853914244685,130.19068219633942,0.20862644288565851,0.20862644288565851,0.7028428093645485,0.004991680532445923,30,5980,four-module-variable-spi,False,True,,0,0,0,0,20260907_delta_zero_review,PC completion timestamps are buffered; packet rate per PC window is not physical scan rate. Max PC gap 88.2176 ms; max bridge gap 7 ms; consecutive sequences.,,True,original_complete_three_window_batch,88.21759998681955,7.0,200.3534275806882,PASS_no_detected_internal_transport_or_cache_chain_errors,,,,
20260907_013443_415053,2026-09-07T01:34:43.415053+01:00,DELTA,zero_load,1,200,M1,1,BATCH_8bcb3e1a139a4809be4bd491c4a085c4,2,20260907_013443_415053,DELTA/Zero_load/N=1/200Hz/M1/Repeat_2,40.00354750000406,30.00354750000406,6011,PASS,CHECK REQUIRED,initial_delta_prefix_cache_not_verifiable_from_file,200.34297610971458,130.2412244218932,0.20874331610284258,0.20874331610284258,0.7286406955358635,0.004990850108135086,30,5981,four-module-variable-spi,False,True,,0,0,0,0,20260907_delta_zero_review,PC completion timestamps are buffered; packet rate per PC window is not physical scan rate. Max PC gap 44.5107 ms; max bridge gap 7 ms; consecutive sequences.,,True,original_complete_three_window_batch,44.51069998322055,7.0,200.3466897793186,PASS_no_detected_internal_transport_or_cache_chain_errors,,,,
20260907_013523_479494,2026-09-07T01:35:23.479494+01:00,DELTA,zero_load,1,200,M1,1,BATCH_8bcb3e1a139a4809be4bd491c4a085c4,3,20260907_013523_479494,DELTA/Zero_load/N=1/200Hz/M1/Repeat_3,40.00044139998499,30.000441399984993,6011,PASS,CHECK REQUIRED,initial_delta_prefix_cache_not_verifiable_from_file;unassigned_raw_bytes_in_full_capture,200.3637186485865,130.18798868740643,0.20867959629431093,0.20867959629431093,0.7018893161678649,0.004990850108135086,30,5981,four-module-variable-spi,False,True,,0,0,0,0,20260907_delta_zero_review,PC completion timestamps are buffered; packet rate per PC window is not physical scan rate. Max PC gap 155.8733 ms; max bridge gap 7 ms; consecutive sequences.,,True,original_complete_three_window_batch,155.87329998379573,7.0,200.35336867020035,PASS_no_detected_internal_transport_or_cache_chain_errors,,,,
20260907_013624_365237,2026-09-07T01:36:24.365237+01:00,DELTA,zero_load,1,200,M2,1,BATCH_b2fdee22f9b94a5f97759036b00fa981,1,20260907_013624_365237,DELTA/Zero_load/N=1/200Hz/M2/Repeat_1,40.00114300000132,30.00114300000132,6003,PASS,CHECK REQUIRED,initial_delta_prefix_cache_not_verifiable_from_file;unassigned_raw_bytes_in_full_capture,200.09237648044729,171.0304847576212,0.2737751691660427,0.27377543582254976,21.222501255650428,0.004997501249375313,30,5973,four-module-variable-spi,False,True,,0,0,0,0,20260907_delta_zero_review,PC completion timestamps are buffered; packet rate per PC window is not physical scan rate. Max PC gap 86.9188 ms; max bridge gap 7 ms; consecutive sequences.,,True,original_complete_three_window_batch,86.91879999241792,7.0,200.16675004168752,PASS_no_detected_internal_transport_or_cache_chain_errors,,,,
20260907_013704_454625,2026-09-07T01:37:04.454625+01:00,DELTA,zero_load,1,200,M2,1,BATCH_b2fdee22f9b94a5f97759036b00fa981,2,20260907_013704_454625,DELTA/Zero_load/N=1/200Hz/M2/Repeat_2,40.00262300000759,30.00262300000759,6008,PASS,CHECK REQUIRED,initial_delta_prefix_cache_not_verifiable_from_file;unassigned_raw_bytes_in_full_capture,200.24915821521606,169.92210386151797,0.2722140660834199,0.2722143327267731,20.66744730679157,0.004993342210386152,30,5978,four-module-variable-spi,False,True,,0,0,0,0,20260907_delta_zero_review,PC completion timestamps are buffered; packet rate per PC window is not physical scan rate. Max PC gap 152.8174 ms; max bridge gap 7 ms; consecutive sequences.,,True,original_complete_three_window_batch,152.8173999977298,7.0,200.16661112962345,PASS_no_detected_internal_transport_or_cache_chain_errors,,,,
20260907_013744_540625,2026-09-07T01:37:44.540625+01:00,DELTA,zero_load,1,200,M2,1,BATCH_b2fdee22f9b94a5f97759036b00fa981,3,20260907_013744_540625,DELTA/Zero_load/N=1/200Hz/M2/Repeat_3,40.000495599990245,30.000495599990245,6005,PASS,CHECK REQUIRED,initial_delta_prefix_cache_not_verifiable_from_file,200.16335996802508,170.95686927560365,0.27375441091055414,0.27375441091055414,21.186276150627616,0.004995836802664446,30,5975,four-module-variable-spi,False,True,,0,0,0,0,20260907_delta_zero_review,PC completion timestamps are buffered; packet rate per PC window is not physical scan rate. Max PC gap 85.6698 ms; max bridge gap 7 ms; consecutive sequences.,,True,original_complete_three_window_batch,85.66979999886826,7.0,200.16002133617815,PASS_no_detected_internal_transport_or_cache_chain_errors,,,,
20260907_013917_548818,2026-09-07T01:39:17.548818+01:00,DELTA,zero_load,1,200,M3,1,BATCH_6f194970f8d14e3c94be44510f39fa22,1,20260907_013917_548818,DELTA/Zero_load/N=1/200Hz/M3/Repeat_1,40.00327020001714,30.00327020001714,6009,PASS,CHECK REQUIRED,initial_delta_prefix_cache_not_verifiable_from_file;unassigned_raw_bytes_in_full_capture,200.27816834434825,134.40971875520054,0.21535465823976443,0.21535492487736582,2.822545576183308,0.004992511233150275,30,5979,four-module-variable-spi,False,True,,0,0,0,0,20260907_delta_zero_review,PC completion timestamps are buffered; packet rate per PC window is not physical scan rate. Max PC gap 116.6496 ms; max bridge gap 7 ms; consecutive sequences.,,True,original_complete_three_window_batch,116.64960000780411,7.0,200.33344448149384,PASS_no_detected_internal_transport_or_cache_chain_errors,,,,
20260907_013957_653007,2026-09-07T01:39:57.653007+01:00,DELTA,zero_load,1,200,M3,1,BATCH_6f194970f8d14e3c94be44510f39fa22,2,20260907_013957_653007,DELTA/Zero_load/N=1/200Hz/M3/Repeat_2,40.05389599999762,30.05389599999762,5991,PASS,CHECK REQUIRED,initial_delta_prefix_cache_not_verifiable_from_file,199.34187567563535,134.23401769320648,0.2140676869315216,0.2140676869315216,2.7270592182519713,0.005007511266900351,30,5961,four-module-variable-spi,False,True,,0,0,0,0,20260907_delta_zero_review,PC completion timestamps are buffered; packet rate per PC window is not physical scan rate. Max PC gap 330.3455 ms; max bridge gap 7 ms; consecutive sequences.,,True,original_complete_three_window_batch,330.34549999865703,7.0,200.3210487592803,PASS_no_detected_internal_transport_or_cache_chain_errors,,,,
20260907_014038_027023,2026-09-07T01:40:38.027023+01:00,DELTA,zero_load,1,200,M3,1,BATCH_6f194970f8d14e3c94be44510f39fa22,3,20260907_014038_027023,DELTA/Zero_load/N=1/200Hz/M3/Repeat_3,40.00244889999158,30.002448899991577,6012,PASS,CHECK REQUIRED,initial_delta_prefix_cache_not_verifiable_from_file;unassigned_raw_bytes_in_full_capture,200.38364268330403,133.70359281437126,0.21433610374391157,0.21433637038881198,2.4689067201604815,0.00499001996007984,30,5982,four-module-variable-spi,False,True,,0,0,0,0,20260907_delta_zero_review,PC completion timestamps are buffered; packet rate per PC window is not physical scan rate. Max PC gap 28.3090 ms; max bridge gap 7 ms; consecutive sequences.,,True,original_complete_three_window_batch,28.30899998662062,7.0,200.3466320034663,PASS_no_detected_internal_transport_or_cache_chain_errors,,,,
20260907_014203_200469,2026-09-07T01:42:03.200469+01:00,DELTA,zero_load,2,200,M0_M1,1,BATCH_dfc2ebbd8db041c5b2d9018b1dee2619,1,20260907_014203_200469,DELTA/Zero_load/N=2/200Hz/M0_M1/Repeat_1,40.0003423000162,30.0003423000162,6004,PASS,CHECK REQUIRED,initial_delta_prefix_cache_not_verifiable_from_file,200.13104983794662,231.76315789473685,0.3710640328258517,0.3710640328258517,3.5601774355540674,0.004996668887408394,60,11948,four-module-variable-spi,False,True,,0,0,0,0,20260907_delta_zero_review,PC completion timestamps are buffered; packet rate per PC window is not physical scan rate. Max PC gap 59.2757 ms; max bridge gap 7 ms; consecutive sequences.,,True,original_complete_three_window_batch,59.2756999831181,7.0,200.11334088939262,PASS_no_detected_internal_transport_or_cache_chain_errors,,,,
20260907_014243_220995,2026-09-07T01:42:43.220995+01:00,DELTA,zero_load,2,200,M0_M1,1,BATCH_dfc2ebbd8db041c5b2d9018b1dee2619,2,20260907_014243_220995,DELTA/Zero_load/N=2/200Hz/M0_M1/Repeat_2,40.00020459998632,30.00020459998632,6003,PASS,CHECK REQUIRED,initial_delta_prefix_cache_not_verifiable_from_file;unassigned_raw_bytes_in_full_capture,200.0986353273983,236.1575878727303,0.3780384884443479,0.37803875510919593,4.66390423572744,0.004997501249375313,60,11946,four-module-variable-spi,False,True,,0,0,0,0,20260907_delta_zero_review,PC completion timestamps are buffered; packet rate per PC window is not physical scan rate. Max PC gap 125.4968 ms; max bridge gap 7 ms; consecutive sequences.,,True,original_complete_three_window_batch,125.49679999938235,7.0,200.1000166694449,PASS_no_detected_internal_transport_or_cache_chain_errors,,,,
20260907_014323_266112,2026-09-07T01:43:23.266112+01:00,DELTA,zero_load,2,200,M0_M1,1,BATCH_dfc2ebbd8db041c5b2d9018b1dee2619,3,20260907_014323_266112,DELTA/Zero_load/N=2/200Hz/M0_M1/Repeat_3,40.00073820000398,30.00073820000398,6004,PASS,CHECK REQUIRED,initial_delta_prefix_cache_not_verifiable_from_file;unassigned_raw_bytes_in_full_capture,200.1284088402599,232.3987341772152,0.37207671109901286,0.37207697775911797,3.719869434214931,0.004996668887408394,60,11948,four-module-variable-spi,False,True,,0,0,0,0,20260907_delta_zero_review,PC completion timestamps are buffered; packet rate per PC window is not physical scan rate. Max PC gap 32.5113 ms; max bridge gap 7 ms; consecutive sequences.,,True,original_complete_three_window_batch,32.51129999989644,7.0,200.1200120012001,PASS_no_detected_internal_transport_or_cache_chain_errors,,,,
20260907_014425_784635,2026-09-07T01:44:25.784635+01:00,DELTA,zero_load,2,200,M0_M2,1,BATCH_7f9647ea41b9438fa2f830b83baf29c6,1,20260907_014425_784635,DELTA/Zero_load/N=2/200Hz/M0_M2/Repeat_1,40.00332769998931,30.003327699989313,6002,PASS,CHECK REQUIRED,initial_delta_prefix_cache_not_verifiable_from_file;unassigned_raw_bytes_in_full_capture,200.04447706652678,273.6124625124958,0.4378772958575752,0.43787756249466553,14.074263228399197,0.004998333888703766,60,11944,four-module-variable-spi,False,True,,0,0,0,0,20260907_delta_zero_review,PC completion timestamps are buffered; packet rate per PC window is not physical scan rate. Max PC gap 109.3102 ms; max bridge gap 7 ms; consecutive sequences.,,True,original_complete_three_window_batch,109.31020000134595,7.0,200.1067057921238,PASS_no_detected_internal_transport_or_cache_chain_errors,,,,
20260907_014505_874750,2026-09-07T01:45:05.874750+01:00,DELTA,zero_load,2,200,M0_M2,1,BATCH_7f9647ea41b9438fa2f830b83baf29c6,2,20260907_014505_874750,DELTA/Zero_load/N=2/200Hz/M0_M2/Repeat_2,40.00300729999435,30.00300729999435,6027,PASS,CHECK REQUIRED,initial_delta_prefix_cache_not_verifiable_from_file;unassigned_raw_bytes_in_full_capture,200.87986313295784,266.77882860461256,0.42872395661492313,0.4287242232548609,12.328024681063955,0.00506056080968973,61,11993,four-module-variable-spi,False,True,,0,0,0,0,20260907_delta_zero_review,PC completion timestamps are buffered; packet rate per PC window is not physical scan rate. Max PC gap 95.0903 ms; max bridge gap 7 ms; consecutive sequences.,,True,original_complete_three_window_batch,95.09029999026097,7.0,200.11955366631244,PASS_no_detected_internal_transport_or_cache_chain_errors,,,,
20260907_014545_965962,2026-09-07T01:45:45.965962+01:00,DELTA,zero_load,2,200,M0_M2,1,BATCH_7f9647ea41b9438fa2f830b83baf29c6,3,20260907_014545_965962,DELTA/Zero_load/N=2/200Hz/M0_M2/Repeat_3,40.00774269999238,30.007742699992377,6003,PASS,CHECK REQUIRED,initial_delta_prefix_cache_not_verifiable_from_file;unassigned_raw_bytes_in_full_capture,200.04836951636236,266.6136931534233,0.42668507684862456,0.426685343446485,12.316172777498744,0.004997501249375313,60,11946,four-module-variable-spi,False,True,,0,0,0,0,20260907_delta_zero_review,PC completion timestamps are buffered; packet rate per PC window is not physical scan rate. Max PC gap 3783.2828 ms; max bridge gap 7 ms; consecutive sequences.,,True,original_complete_three_window_batch,3783.2827999955043,7.0,200.09334577943727,PASS_no_detected_internal_transport_or_cache_chain_errors,,,,
20260907_014715_022979,2026-09-07T01:47:15.022979+01:00,DELTA,zero_load,2,200,M0_M3,1,BATCH_b99cdc1d65b44cb59677a2c5e3e39f6a,1,20260907_014715_022979,DELTA/Zero_load/N=2/200Hz/M0_M3/Repeat_1,40.01175299999886,30.011752999998862,5986,PASS,CHECK REQUIRED,initial_delta_prefix_cache_not_verifiable_from_file;unassigned_raw_bytes_in_full_capture,199.4551934370587,234.88940862011358,0.37479929946112867,0.37479956602336517,4.338482202820685,0.005011693952555964,60,11912,four-module-variable-spi,False,True,,0,0,0,0,20260907_delta_zero_review,PC completion timestamps are buffered; packet rate per PC window is not physical scan rate. Max PC gap 591.6125 ms; max bridge gap 7 ms; consecutive sequences.,,True,original_complete_three_window_batch,591.6125000221655,7.0,200.0802326747568,PASS_no_detected_internal_transport_or_cache_chain_errors,,,,
20260907_014755_224321,2026-09-07T01:47:55.224321+01:00,DELTA,zero_load,2,200,M0_M3,1,BATCH_b99cdc1d65b44cb59677a2c5e3e39f6a,2,20260907_014755_224321,DELTA/Zero_load/N=2/200Hz/M0_M3/Repeat_2,40.00382770001306,30.003827700013062,6003,PASS,CHECK REQUIRED,initial_delta_prefix_cache_not_verifiable_from_file;unassigned_raw_bytes_in_full_capture,200.07447249796687,239.2696984840913,0.3829740696716172,0.3829743363042642,5.445839611585468,0.004997501249375313,60,11946,four-module-variable-spi,False,True,,0,0,0,0,20260907_delta_zero_review,PC completion timestamps are buffered; packet rate per PC window is not physical scan rate. Max PC gap 33.2757 ms; max bridge gap 7 ms; consecutive sequences.,,True,original_complete_three_window_batch,33.27569999964908,7.0,200.1000166694449,PASS_no_detected_internal_transport_or_cache_chain_errors,,,,
20260907_014835_279154,2026-09-07T01:48:35.279154+01:00,DELTA,zero_load,2,200,M0_M3,1,BATCH_b99cdc1d65b44cb59677a2c5e3e39f6a,3,20260907_014835_279154,DELTA/Zero_load/N=2/200Hz/M0_M3/Repeat_3,40.00420490000397,30.00420490000397,6002,PASS,CHECK REQUIRED,initial_delta_prefix_cache_not_verifiable_from_file;unassigned_raw_bytes_in_full_capture,200.0386285856622,234.64045318227258,0.3754972357224007,0.37549750235169566,4.28231748158071,0.004998333888703766,60,11944,four-module-variable-spi,False,True,,0,0,0,0,20260907_delta_zero_review,PC completion timestamps are buffered; packet rate per PC window is not physical scan rate. Max PC gap 154.0776 ms; max bridge gap 7 ms; consecutive sequences.,,True,original_complete_three_window_batch,154.0775999892503,7.0,200.07334800293393,PASS_no_detected_internal_transport_or_cache_chain_errors,,,,
20260907_014946_645414,2026-09-07T01:49:46.645414+01:00,DELTA,zero_load,2,200,M1_M2,1,BATCH_87a8929733aa49f48b160c96f56b245f,1,20260907_014946_645414,DELTA/Zero_load/N=2/200Hz/M1_M2/Repeat_1,40.03035629997612,30.03035629997612,6006,PASS,CHECK REQUIRED,initial_delta_prefix_cache_not_verifiable_from_file,199.99762706794044,265.55078255078257,0.4248762110095292,0.4248762110095292,12.050284471218205,0.004995004995004995,60,11952,four-module-variable-spi,False,True,,0,0,0,0,20260907_delta_zero_review,PC completion timestamps are buffered; packet rate per PC window is not physical scan rate. Max PC gap 164.5311 ms; max bridge gap 7 ms; consecutive sequences.,,True,original_complete_three_window_batch,164.53109998838045,7.0,200.16666666666666,PASS_no_detected_internal_transport_or_cache_chain_errors,,,,
20260907_015026_779606,2026-09-07T01:50:26.779606+01:00,DELTA,zero_load,2,200,M1_M2,1,BATCH_87a8929733aa49f48b160c96f56b245f,2,20260907_015026_779606,DELTA/Zero_load/N=2/200Hz/M1_M2/Repeat_2,40.0000740000105,30.0000740000105,6005,PASS,CHECK REQUIRED,initial_delta_prefix_cache_not_verifiable_from_file,200.16617292337006,265.948709408826,0.4258714828501932,0.4258714828501932,12.149874476987447,0.004995836802664446,60,11950,four-module-variable-spi,False,True,,0,0,0,0,20260907_delta_zero_review,PC completion timestamps are buffered; packet rate per PC window is not physical scan rate. Max PC gap 19.9025 ms; max bridge gap 7 ms; consecutive sequences.,,True,original_complete_three_window_batch,19.90250000380911,7.0,200.14667644509635,PASS_no_detected_internal_transport_or_cache_chain_errors,,,,
20260907_015106_825879,2026-09-07T01:51:06.825879+01:00,DELTA,zero_load,2,200,M1_M2,1,BATCH_87a8929733aa49f48b160c96f56b245f,3,20260907_015106_825879,DELTA/Zero_load/N=2/200Hz/M1_M2/Repeat_3,40.00159609998809,30.00159609998809,6005,PASS,CHECK REQUIRED,initial_delta_prefix_cache_not_verifiable_from_file;unassigned_raw_bytes_in_full_capture,200.1560176994178,266.3160699417152,0.42643811207114674,0.42643837872362655,12.242175732217573,0.004995836802664446,60,11950,four-module-variable-spi,False,True,,0,0,0,0,20260907_delta_zero_review,PC completion timestamps are buffered; packet rate per PC window is not physical scan rate. Max PC gap 19.0422 ms; max bridge gap 7 ms; consecutive sequences.,,True,original_complete_three_window_batch,19.042200001422316,7.0,200.15334866820015,PASS_no_detected_internal_transport_or_cache_chain_errors,,,,
20260907_015217_328962,2026-09-07T01:52:17.328962+01:00,DELTA,zero_load,2,200,M1_M3,1,BATCH_949b70f5ee8047728fe43b97d160acd0,1,20260907_015217_328962,DELTA/Zero_load/N=2/200Hz/M1_M3/Repeat_1,40.00430219998816,30.00430219998816,6121,PASS,CHECK REQUIRED,initial_delta_prefix_cache_not_verifiable_from_file;unassigned_raw_bytes_in_full_capture,204.00407778863178,234.19147198170234,0.38220812214071503,0.3822083887691454,4.215974388441963,0.004901159941186081,60,12182,four-module-variable-spi,False,True,,0,0,0,0,20260907_delta_zero_review,PC completion timestamps are buffered; packet rate per PC window is not physical scan rate. Max PC gap 1008.8707 ms; max bridge gap 7 ms; consecutive sequences.,,True,original_complete_three_window_batch,1008.8706999958958,7.0,200.3338898163606,PASS_no_detected_internal_transport_or_cache_chain_errors,,,,
20260907_015257_395753,2026-09-07T01:52:57.395753+01:00,DELTA,zero_load,2,200,M1_M3,1,BATCH_949b70f5ee8047728fe43b97d160acd0,2,20260907_015257_395753,DELTA/Zero_load/N=2/200Hz/M1_M3/Repeat_2,40.00043939999887,30.000439399998868,6011,PASS,CHECK REQUIRED,initial_delta_prefix_cache_not_verifiable_from_file;unassigned_raw_bytes_in_full_capture,200.36373200587946,240.49243054400267,0.38548768722368904,0.38548768722368904,5.756228055509112,0.004990850108135086,60,11962,four-module-variable-spi,False,True,,0,0,0,0,20260907_delta_zero_review,PC completion timestamps are buffered; packet rate per PC window is not physical scan rate. Max PC gap 88.0739 ms; max bridge gap 7 ms; consecutive sequences.,,True,original_complete_three_window_batch,88.07389999856241,7.0,200.3867698052814,PASS_no_detected_internal_transport_or_cache_chain_errors,,,,
20260907_015337_478535,2026-09-07T01:53:37.478535+01:00,DELTA,zero_load,2,200,M1_M3,1,BATCH_949b70f5ee8047728fe43b97d160acd0,3,20260907_015337_478535,DELTA/Zero_load/N=2/200Hz/M1_M3/Repeat_3,40.00424229999771,30.004242299997713,6015,PASS,CHECK REQUIRED,initial_delta_prefix_cache_not_verifiable_from_file,200.4716513038044,243.679467996675,0.39080660270500794,0.39080633607604526,6.558563074352548,0.004987531172069825,60,11970,four-module-variable-spi,False,True,,0,0,0,0,20260907_delta_zero_review,PC completion timestamps are buffered; packet rate per PC window is not physical scan rate. Max PC gap 61.3653 ms; max bridge gap 7 ms; consecutive sequences.,,True,original_complete_three_window_batch,61.36529997456819,7.0,200.4065447032557,PASS_no_detected_internal_transport_or_cache_chain_errors,,,,
20260907_015550_103879,2026-09-07T01:55:50.103879+01:00,DELTA,zero_load,2,200,M2_M3,1,BATCH_d8bda735d5aa42709b25fbc143ad2769,1,20260907_015550_103879,DELTA/Zero_load/N=2/200Hz/M2_M3/Repeat_1,40.019487299985485,30.019487299985485,6010,PASS,CHECK REQUIRED,initial_delta_prefix_cache_not_verifiable_from_file;unassigned_raw_bytes_in_full_capture,200.2032859502869,268.3610648918469,0.4298141360997274,0.42981440259328607,12.757943143812708,0.004991680532445923,60,11960,four-module-variable-spi,False,True,,0,0,0,0,20260907_delta_zero_review,PC completion timestamps are buffered; packet rate per PC window is not physical scan rate. Max PC gap 3737.0086 ms; max bridge gap 7 ms; consecutive sequences.,,True,original_complete_three_window_batch,3737.0086000009906,7.0,200.1932302771855,PASS_no_detected_internal_transport_or_cache_chain_errors,,,,
20260907_015630_225115,2026-09-07T01:56:30.225115+01:00,DELTA,zero_load,2,200,M2_M3,1,BATCH_d8bda735d5aa42709b25fbc143ad2769,2,20260907_015630_225115,DELTA/Zero_load/N=2/200Hz/M2_M3/Repeat_2,40.00372510001762,30.00372510001762,6007,PASS,CHECK REQUIRED,initial_delta_prefix_cache_not_verifiable_from_file;unassigned_raw_bytes_in_full_capture,200.20847344706783,267.74729482270686,0.42884221732828914,0.428842483961848,12.602559812615024,0.00499417346429166,60,11954,four-module-variable-spi,False,True,,0,0,0,0,20260907_delta_zero_review,PC completion timestamps are buffered; packet rate per PC window is not physical scan rate. Max PC gap 562.9359 ms; max bridge gap 7 ms; consecutive sequences.,,True,original_complete_three_window_batch,562.935900001321,7.0,200.21334755650378,PASS_no_detected_internal_transport_or_cache_chain_errors,,,,
20260907_015710_248741,2026-09-07T01:57:10.248741+01:00,DELTA,zero_load,2,200,M2_M3,1,BATCH_d8bda735d5aa42709b25fbc143ad2769,3,20260907_015710_248741,DELTA/Zero_load/N=2/200Hz/M2_M3/Repeat_3,40.004390699992655,30.004390699992655,6008,PASS,CHECK REQUIRED,initial_delta_prefix_cache_not_verifiable_from_file;unassigned_raw_bytes_in_full_capture,200.23736059407702,267.25699067909454,0.42811867531118186,0.42811867531118186,12.479759116761459,0.004993342210386152,60,11956,four-module-variable-spi,False,True,,0,0,0,0,20260907_delta_zero_review,PC completion timestamps are buffered; packet rate per PC window is not physical scan rate. Max PC gap 28.0884 ms; max bridge gap 7 ms; consecutive sequences.,,True,original_complete_three_window_batch,28.08839999488555,7.0,200.2066391147847,PASS_no_detected_internal_transport_or_cache_chain_errors,,,,
20260907_020547_996772,2026-09-07T02:05:47.996772+01:00,DELTA,zero_load,3,200,M0_M1_M2,1,BATCH_5fbbc50f1d3f4cbc9371467ee380b749,1,20260907_020547_996772,DELTA/Zero_load/N=3/200Hz/M0_M1_M2/Repeat_1,40.00333269999828,30.003332699998282,6007,PASS,CHECK REQUIRED,initial_delta_prefix_cache_not_verifiable_from_file;unassigned_raw_bytes_in_full_capture,200.2110918831475,384.6435824870984,0.6160792930846999,0.6160795597217458,13.108861747811053,0.00499417346429166,90,17931,four-module-variable-spi,False,True,,0,0,0,0,20260907_delta_zero_review,PC completion timestamps are buffered; packet rate per PC window is not physical scan rate. Max PC gap 161.8899 ms; max bridge gap 7 ms; consecutive sequences.,,True,original_complete_three_window_batch,161.8898999877274,7.0,200.17331022530328,PASS_no_detected_internal_transport_or_cache_chain_errors,,,,
20260907_020628_047087,2026-09-07T02:06:28.047087+01:00,DELTA,zero_load,3,200,M0_M1_M2,1,BATCH_5fbbc50f1d3f4cbc9371467ee380b749,2,20260907_020628_047087,DELTA/Zero_load/N=3/200Hz/M0_M1_M2/Repeat_2,40.00061509999796,30.000615099997958,6006,PASS,CHECK REQUIRED,initial_delta_prefix_cache_not_verifiable_from_file,200.19589531683997,400.0835830835831,0.640760728935898,0.640760728935898,15.694723337795628,0.004995004995004995,90,17928,four-module-variable-spi,False,True,,0,0,0,0,20260907_delta_zero_review,PC completion timestamps are buffered; packet rate per PC window is not physical scan rate. Max PC gap 32.6591 ms; max bridge gap 7 ms; consecutive sequences.,,True,original_complete_three_window_batch,32.65909999026917,7.0,200.1933591145486,PASS_no_detected_internal_transport_or_cache_chain_errors,,,,
20260907_020708_105510,2026-09-07T02:07:08.105510+01:00,DELTA,zero_load,3,200,M0_M1_M2,1,BATCH_5fbbc50f1d3f4cbc9371467ee380b749,3,20260907_020708_105510,DELTA/Zero_load/N=3/200Hz/M0_M1_M2/Repeat_3,40.00301689998014,30.00301689998014,6006,PASS,CHECK REQUIRED,initial_delta_prefix_cache_not_verifiable_from_file,200.179869245215,384.2171162171162,0.6153002566889272,0.6153002566889272,13.037037037037036,0.004995004995004995,90,17928,four-module-variable-spi,False,True,,0,0,0,0,20260907_delta_zero_review,PC completion timestamps are buffered; packet rate per PC window is not physical scan rate. Max PC gap 35.5288 ms; max bridge gap 7 ms; consecutive sequences.,,True,original_complete_three_window_batch,35.52879998460412,7.0,200.1866853352002,PASS_no_detected_internal_transport_or_cache_chain_errors,,,,
20260907_020319_422751,2026-09-07T02:03:19.422751+01:00,DELTA,zero_load,3,200,M0_M1_M3,1,BATCH_effca0df2e304d6fbd3170267cc6b254,1,20260907_020319_422751,DELTA/Zero_load/N=3/200Hz/M0_M1_M3/Repeat_1,40.0003083999909,30.0003083999909,6003,PASS,CHECK REQUIRED,initial_delta_prefix_cache_not_verifiable_from_file,200.09794299320674,325.0258204231218,0.5202959846907685,0.5202959846907685,3.1211005078408394,0.004997501249375313,90,17919,four-module-variable-spi,False,True,,0,0,0,0,20260907_delta_zero_review,PC completion timestamps are buffered; packet rate per PC window is not physical scan rate. Max PC gap 171.9377 ms; max bridge gap 7 ms; consecutive sequences.,,True,original_complete_three_window_batch,171.93770001176745,7.0,200.09334577943727,PASS_no_detected_internal_transport_or_cache_chain_errors,,,,
20260907_020359_444605,2026-09-07T02:03:59.444605+01:00,DELTA,zero_load,3,200,M0_M1_M3,1,BATCH_effca0df2e304d6fbd3170267cc6b254,2,20260907_020359_444605,DELTA/Zero_load/N=3/200Hz/M0_M1_M3/Repeat_2,40.00447200000053,30.004472000000533,6004,PASS,CHECK REQUIRED,initial_delta_prefix_cache_not_verifiable_from_file;unassigned_raw_bytes_in_full_capture,200.10350457091508,327.34110592938043,0.5240168198927054,0.5240170865196269,3.5093181564557527,0.004996668887408394,90,17922,four-module-variable-spi,False,True,,0,0,0,0,20260907_delta_zero_review,PC completion timestamps are buffered; packet rate per PC window is not physical scan rate. Max PC gap 30.7269 ms; max bridge gap 7 ms; consecutive sequences.,,True,original_complete_three_window_batch,30.72690000408329,7.0,200.1200120012001,PASS_no_detected_internal_transport_or_cache_chain_errors,,,,
20260907_020439_495918,2026-09-07T02:04:39.495918+01:00,DELTA,zero_load,3,200,M0_M1_M3,1,BATCH_effca0df2e304d6fbd3170267cc6b254,3,20260907_020439_495918,DELTA/Zero_load/N=3/200Hz/M0_M1_M3/Repeat_3,40.00053670001216,30.000536700012162,6006,PASS,CHECK REQUIRED,initial_delta_prefix_cache_not_verifiable_from_file,200.19641848599213,331.61305361305364,0.531101965252293,0.5311016985903969,4.225680499776885,0.004995004995004995,90,17928,four-module-variable-spi,False,True,,0,0,0,0,20260907_delta_zero_review,PC completion timestamps are buffered; packet rate per PC window is not physical scan rate. Max PC gap 81.6465 ms; max bridge gap 7 ms; consecutive sequences.,,True,original_complete_three_window_batch,81.64650000981055,7.0,200.14665200146652,PASS_no_detected_internal_transport_or_cache_chain_errors,,,,
20260907_020041_855845,2026-09-07T02:00:41.855845+01:00,DELTA,zero_load,3,200,M0_M2_M3,1,BATCH_9143ccc92d6444ee8de5e350756c8565,1,20260907_020041_855845,DELTA/Zero_load/N=3/200Hz/M0_M2_M3/Repeat_1,40.00033300000359,30.000333000003593,6003,PASS,CHECK REQUIRED,initial_delta_prefix_cache_not_verifiable_from_file;unassigned_raw_bytes_in_full_capture,200.09777891463008,363.4765950358154,0.581846874832953,0.5818471414966597,9.5617500976617,0.004997501249375313,90,17919,four-module-variable-spi,False,True,,0,0,0,0,20260907_delta_zero_review,PC completion timestamps are buffered; packet rate per PC window is not physical scan rate. Max PC gap 4040.8594 ms; max bridge gap 7 ms; consecutive sequences.,,True,original_complete_three_window_batch,4040.859400003683,7.0,200.1066880042675,PASS_no_detected_internal_transport_or_cache_chain_errors,,,,
20260907_020121_954165,2026-09-07T02:01:21.954165+01:00,DELTA,zero_load,3,200,M0_M2_M3,1,BATCH_9143ccc92d6444ee8de5e350756c8565,2,20260907_020121_954165,DELTA/Zero_load/N=3/200Hz/M0_M2_M3/Repeat_2,40.001057200017385,30.001057200017385,6004,PASS,CHECK REQUIRED,initial_delta_prefix_cache_not_verifiable_from_file;unassigned_raw_bytes_in_full_capture,200.12628088307903,368.4010659560293,0.5898138816251364,0.5898141482824061,10.387010378305993,0.004996668887408394,90,17922,four-module-variable-spi,False,True,,0,0,0,0,20260907_delta_zero_review,PC completion timestamps are buffered; packet rate per PC window is not physical scan rate. Max PC gap 105.9314 ms; max bridge gap 7 ms; consecutive sequences.,,True,original_complete_three_window_batch,105.93140000128187,7.0,200.1266835578077,PASS_no_detected_internal_transport_or_cache_chain_errors,,,,
20260907_020202_020960,2026-09-07T02:02:02.020960+01:00,DELTA,zero_load,3,200,M0_M2_M3,1,BATCH_9143ccc92d6444ee8de5e350756c8565,3,20260907_020202_020960,DELTA/Zero_load/N=3/200Hz/M0_M2_M3/Repeat_3,40.00468000001274,30.00468000001274,6004,PASS,CHECK REQUIRED,initial_delta_prefix_cache_not_verifiable_from_file;unassigned_raw_bytes_in_full_capture,200.1021174029335,371.7461692205197,0.5950975647796417,0.5950978314047148,10.947327307220176,0.004996668887408394,90,17922,four-module-variable-spi,False,True,,0,0,0,0,20260907_delta_zero_review,PC completion timestamps are buffered; packet rate per PC window is not physical scan rate. Max PC gap 34.0697 ms; max bridge gap 7 ms; consecutive sequences.,,True,original_complete_three_window_batch,34.06969999196008,7.0,200.11334088939262,PASS_no_detected_internal_transport_or_cache_chain_errors,,,,
20260907_015809_623056,2026-09-07T01:58:09.623056+01:00,DELTA,zero_load,3,200,M1_M2_M3,1,BATCH_4938ea384f0d4a39bc04cb6a3bb282be,1,20260907_015809_623056,DELTA/Zero_load/N=3/200Hz/M1_M2_M3/Repeat_1,40.00041840001359,30.000418400013587,6007,PASS,CHECK REQUIRED,initial_delta_prefix_cache_not_verifiable_from_file;unassigned_raw_bytes_in_full_capture,200.23054078463383,364.17879141002163,0.5833577307705841,0.5833579974335316,9.680943617199263,0.00499417346429166,90,17931,four-module-variable-spi,False,True,,0,0,0,0,20260907_delta_zero_review,PC completion timestamps are buffered; packet rate per PC window is not physical scan rate. Max PC gap 500.8927 ms; max bridge gap 7 ms; consecutive sequences.,,True,original_complete_three_window_batch,500.89270001626574,7.0,200.21334755650378,PASS_no_detected_internal_transport_or_cache_chain_errors,,,,
20260907_015849_721923,2026-09-07T01:58:49.721923+01:00,DELTA,zero_load,3,200,M1_M2_M3,1,BATCH_4938ea384f0d4a39bc04cb6a3bb282be,2,20260907_015849_721923,DELTA/Zero_load/N=3/200Hz/M1_M2_M3/Repeat_2,40.00081970001338,30.00081970001338,6007,PASS,CHECK REQUIRED,initial_delta_prefix_cache_not_verifiable_from_file,200.22786244061595,343.59980023306144,0.5503860282855084,0.5503860282855084,6.233896603647315,0.00499417346429166,90,17931,four-module-variable-spi,False,True,,0,0,0,0,20260907_delta_zero_review,PC completion timestamps are buffered; packet rate per PC window is not physical scan rate. Max PC gap 517.2163 ms; max bridge gap 7 ms; consecutive sequences.,,True,original_complete_three_window_batch,517.216299980646,7.0,200.2,PASS_no_detected_internal_transport_or_cache_chain_errors,,,,
20260907_015929_769209,2026-09-07T01:59:29.769209+01:00,DELTA,zero_load,3,200,M1_M2_M3,1,BATCH_4938ea384f0d4a39bc04cb6a3bb282be,3,20260907_015929_769209,DELTA/Zero_load/N=3/200Hz/M1_M2_M3/Repeat_3,40.00396489998093,30.00396489998093,6005,PASS,CHECK REQUIRED,initial_delta_prefix_cache_not_verifiable_from_file,200.14021546878348,364.55620316402997,0.5836988564138446,0.5836988564138446,9.717139031466191,0.005051346100471829,91,17924,four-module-variable-spi,False,True,,0,0,0,0,20260907_delta_zero_review,PC completion timestamps are buffered; packet rate per PC window is not physical scan rate. Max PC gap 89.9641 ms; max bridge gap 7 ms; consecutive sequences.,,True,original_complete_three_window_batch,89.96410001418553,7.0,200.1800420098023,PASS_no_detected_internal_transport_or_cache_chain_errors,,,,
20260907_020810_266713,2026-09-07T02:08:10.266713+01:00,DELTA,zero_load,4,200,M0_M1_M2_M3,1,BATCH_b3e4cf69fc4e4f66be277a0c7d909f35,1,20260907_020810_266713,DELTA/Zero_load/N=4/200Hz/M0_M1_M2_M3/Repeat_1,40.00204700001632,30.00204700001632,6004,PASS,CHECK REQUIRED,initial_delta_prefix_cache_not_verifiable_from_file;unassigned_raw_bytes_in_full_capture,200.11967850049479,472.97701532311794,0.7572160659566877,0.75721633260516,9.772556076330767,0.004996668887408394,120,23896,four-module-variable-spi,False,True,,0,0,0,0,20260907_delta_zero_review,PC completion timestamps are buffered; packet rate per PC window is not physical scan rate. Max PC gap 35.7228 ms; max bridge gap 7 ms; consecutive sequences.,,True,original_complete_three_window_batch,35.72280000662431,7.0,200.14670089687593,PASS_no_detected_internal_transport_or_cache_chain_errors,,,,
20260907_020850_322476,2026-09-07T02:08:50.322476+01:00,DELTA,zero_load,4,200,M0_M1_M2_M3,1,BATCH_b3e4cf69fc4e4f66be277a0c7d909f35,2,20260907_020850_322476,DELTA/Zero_load/N=4/200Hz/M0_M1_M2_M3/Repeat_2,40.00352160001057,30.003521600010572,6048,PASS,CHECK REQUIRED,initial_delta_prefix_cache_not_verifiable_from_file;unassigned_raw_bytes_in_full_capture,201.57633762557623,481.63492063492066,0.776689626993379,0.7766898936287462,10.857878775289768,0.005001653439153439,121,24071,four-module-variable-spi,False,True,,0,0,0,0,20260907_delta_zero_review,PC completion timestamps are buffered; packet rate per PC window is not physical scan rate. Max PC gap 440.5779 ms; max bridge gap 7 ms; consecutive sequences.,,True,original_complete_three_window_batch,440.5779000080656,7.0,200.12576118612657,PASS_no_detected_internal_transport_or_cache_chain_errors,,,,
20260907_020930_401399,2026-09-07T02:09:30.401399+01:00,DELTA,zero_load,4,200,M0_M1_M2_M3,1,BATCH_b3e4cf69fc4e4f66be277a0c7d909f35,3,20260907_020930_401399,DELTA/Zero_load/N=4/200Hz/M0_M1_M2_M3/Repeat_3,40.00431170000229,30.00431170000229,6004,PASS,CHECK REQUIRED,initial_delta_prefix_cache_not_verifiable_from_file;unassigned_raw_bytes_in_full_capture,200.1045736369797,470.83144570286476,0.7537242055780361,0.7537244722063821,9.503013056578506,0.004996668887408394,120,23896,four-module-variable-spi,False,True,,0,0,0,0,20260907_delta_zero_review,PC completion timestamps are buffered; packet rate per PC window is not physical scan rate. Max PC gap 29.3617 ms; max bridge gap 7 ms; consecutive sequences.,,True,original_complete_three_window_batch,29.361699998844415,7.0,200.1200120012001,PASS_no_detected_internal_transport_or_cache_chain_errors,,,,
20260906_225934_745706,2026-09-06T22:59:34.745706+01:00,FULL,zero_load,1,200,M0,1,BATCH_a3da6b70a7684d359fd18d817b963390,1,20260906_225934_745706,FULL/N=1/200Hz/M0/Repeat_1,40.00156010000501,30.00156010000501,6003,PASS,CHECK REQUIRED,unassigned_raw_bytes_in_full_capture,200.08959467407823,1084.0,1.7351769650136064,1.7351772316664063,,,,,four-module-variable-spi,False,True,,0,0,,0,20260906_current_data_review,,,True,original_complete_three_window_batch,,,,,,,,
20260906_230014_784220,2026-09-06T23:00:14.784220+01:00,FULL,zero_load,1,200,M0,1,BATCH_a3da6b70a7684d359fd18d817b963390,2,20260906_230014_784220,FULL/N=1/200Hz/M0/Repeat_2,40.002488600002835,30.002488600002835,6003,PASS,CHECK REQUIRED,unassigned_raw_bytes_in_full_capture,200.0834024148061,1084.0,1.7351232657411986,1.7351235323857463,,,,,four-module-variable-spi,False,True,,0,0,,0,20260906_current_data_review,,,True,original_complete_three_window_batch,,,,,,,,
20260906_230054_835519,2026-09-06T23:00:54.835519+01:00,FULL,zero_load,1,200,M0,1,BATCH_a3da6b70a7684d359fd18d817b963390,3,20260906_230054_835519,FULL/N=1/200Hz/M0/Repeat_3,40.000773400010075,30.000773400010075,6004,PASS,CHECK REQUIRED,unassigned_raw_bytes_in_full_capture,200.12817402893967,1084.0,1.7355115251789646,1.7355115251789646,,,,,four-module-variable-spi,False,True,,0,0,,0,20260906_current_data_review,,,True,original_complete_three_window_batch,,,,,,,,
20260906_230200_451593,2026-09-06T23:02:00.451593+01:00,FULL,zero_load,1,200,M1,1,BATCH_d49624f461e24a80b1176d3a6386840c,1,20260906_230200_451593,FULL/N=1/200Hz/M1/Repeat_1,40.003053599997656,30.003053599997656,6010,PASS,CHECK REQUIRED,unassigned_raw_bytes_in_full_capture,200.31294414647414,1084.0,1.7371138516382236,1.7371141182777499,,,,,four-module-variable-spi,False,True,,0,0,,0,20260906_current_data_review,,,True,original_complete_three_window_batch,,,,,,,,
20260906_230240_486802,2026-09-06T23:02:40.486802+01:00,FULL,zero_load,1,200,M1,1,BATCH_d49624f461e24a80b1176d3a6386840c,2,20260906_230240_486802,FULL/N=1/200Hz/M1/Repeat_2,40.000113500020234,30.000113500020234,6012,PASS,CHECK REQUIRED,unassigned_raw_bytes_in_full_capture,200.39924182273327,1084.0,1.7378622250867428,1.7378624917524006,,,,,four-module-variable-spi,False,True,,0,0,,0,20260906_current_data_review,,,True,original_complete_three_window_batch,,,,,,,,
20260906_230320_515930,2026-09-06T23:03:20.515930+01:00,FULL,zero_load,1,200,M1,1,BATCH_d49624f461e24a80b1176d3a6386840c,3,20260906_230320_515930,FULL/N=1/200Hz/M1/Repeat_3,40.003719100001035,30.003719100001035,6013,PASS,CHECK REQUIRED,unassigned_raw_bytes_in_full_capture,200.40848869298316,1084.0,1.73794241394555,1.737942680579162,,,,,four-module-variable-spi,False,True,,0,0,,0,20260906_current_data_review,,,True,original_complete_three_window_batch,,,,,,,,
20260906_230445_150722,2026-09-06T23:04:45.150722+01:00,FULL,zero_load,1,200,M2,1,BATCH_bd456b8e61be480ca230158c349c63e4,1,20260906_230445_150722,FULL/N=1/200Hz/M2/Repeat_1,40.00239179999335,30.002391799993347,6007,PASS,CHECK REQUIRED,unassigned_raw_bytes_in_full_capture,200.21737066980546,1084.0,1.7362850384485529,1.7362853050939608,,,,,four-module-variable-spi,False,True,,0,0,,0,20260906_current_data_review,,,True,original_complete_three_window_batch,,,,,,,,
20260906_230525_193234,2026-09-06T23:05:25.193234+01:00,FULL,zero_load,1,200,M2,1,BATCH_bd456b8e61be480ca230158c349c63e4,2,20260906_230525_193234,FULL/N=1/200Hz/M2/Repeat_2,40.00319839999429,30.00319839999429,6006,PASS,CHECK REQUIRED,unassigned_raw_bytes_in_full_capture,200.17865828601603,1084.0,1.7359493246563311,1.7359495912945706,,,,,four-module-variable-spi,False,True,,0,0,,0,20260906_current_data_review,,,True,original_complete_three_window_batch,,,,,,,,
20260906_230605_248880,2026-09-06T23:06:05.248880+01:00,FULL,zero_load,1,200,M2,1,BATCH_bd456b8e61be480ca230158c349c63e4,3,20260906_230605_248880,FULL/N=1/200Hz/M2/Repeat_3,40.000710499996785,30.000710499996785,6006,PASS,CHECK REQUIRED,unassigned_raw_bytes_in_full_capture,200.1952587089777,1084.0,1.7360932835242546,1.736093550184606,,,,,four-module-variable-spi,False,True,,0,0,,0,20260906_current_data_review,,,True,original_complete_three_window_batch,,,,,,,,
20260906_230909_089519,2026-09-06T23:09:09.089519+01:00,FULL,zero_load,1,200,M3,1,BATCH_cc0eb326656541f899210da5cd6ce59e,1,20260906_230909_089519,FULL/N=1/200Hz/M3/Repeat_1,40.0016869000101,30.0016869000101,6011,PASS,CHECK REQUIRED,unassigned_raw_bytes_in_full_capture,200.35540068241883,1084.0,1.7374820347179363,1.737482301369609,,,,,four-module-variable-spi,False,True,,0,0,,0,20260906_current_data_review,,,True,original_complete_three_window_batch,,,,,,,,
20260906_230949_124162,2026-09-06T23:09:49.124162+01:00,FULL,zero_load,1,200,M3,1,BATCH_cc0eb326656541f899210da5cd6ce59e,2,20260906_230949_124162,FULL/N=1/200Hz/M3/Repeat_2,40.00881070000469,30.008810700004688,6010,PASS,CHECK REQUIRED,unassigned_raw_bytes_in_full_capture,200.27451471107653,1084.0,1.7367805915744559,1.7367808581628281,,,,,four-module-variable-spi,False,True,,0,0,,0,20260906_current_data_review,,,True,original_complete_three_window_batch,,,,,,,,
20260906_231029_180830,2026-09-06T23:10:29.180830+01:00,FULL,zero_load,1,200,M3,1,BATCH_cc0eb326656541f899210da5cd6ce59e,3,20260906_231029_180830,FULL/N=1/200Hz/M3/Repeat_3,40.00033999999869,30.000339999998687,6011,PASS,CHECK REQUIRED,unassigned_raw_bytes_in_full_capture,200.3643958701889,1084.0,1.7375600409862781,1.7375603076499226,,,,,four-module-variable-spi,False,True,,0,0,,0,20260906_current_data_review,,,True,original_complete_three_window_batch,,,,,,,,
20260906_234631_872633,2026-09-06T23:46:31.872633+01:00,FULL,zero_load,2,200,M0_M1,1,BATCH_011a17c511724e4c87760f72a6433c4a,1,20260906_234631_872633,FULL/N=2/200Hz/M0_M1/Repeat_1,40.00328200001968,30.00328200001968,6003,PASS,CHECK REQUIRED,unassigned_raw_bytes_in_full_capture,200.07811145447562,2128.0,3.406129769400993,3.4061300360384896,,,,,four-module-variable-spi,False,True,,0,0,,0,20260906_n2_full_review,,,True,original_complete_three_window_batch,,,,,,,,
20260906_234711_905577,2026-09-06T23:47:11.905577+01:00,FULL,zero_load,2,200,M0_M1,1,BATCH_011a17c511724e4c87760f72a6433c4a,2,20260906_234711_905577,FULL/N=2/200Hz/M0_M1/Repeat_2,40.00153480001609,30.00153480001609,6002,PASS,CHECK REQUIRED,unassigned_raw_bytes_in_full_capture,200.05643177950955,2128.0,3.4057606946143704,3.405760961267395,,,,,four-module-variable-spi,False,True,,0,0,,0,20260906_n2_full_review,,,True,original_complete_three_window_batch,,,,,,,,
20260906_234751_945640,2026-09-06T23:47:51.945640+01:00,FULL,zero_load,2,200,M0_M1,1,BATCH_011a17c511724e4c87760f72a6433c4a,3,20260906_234751_945640,FULL/N=2/200Hz/M0_M1/Repeat_3,40.001827400003094,30.001827400003094,6003,PASS,CHECK REQUIRED,unassigned_raw_bytes_in_full_capture,200.08781198439203,2128.0,3.4062949112222896,3.406295177872714,,,,,four-module-variable-spi,False,True,,0,0,,0,20260906_n2_full_review,,,True,original_complete_three_window_batch,,,,,,,,
20260906_232205_264776,2026-09-06T23:22:05.264776+01:00,FULL,zero_load,2,200,M0_M2,1,BATCH_8b70d810a0494c63acc0cb8f81cf45f4,1,20260906_232205_264776,FULL/N=2/200Hz/M0_M2/Repeat_1,40.00675830000546,30.00675830000546,6003,PASS,CHECK REQUIRED,unassigned_raw_bytes_in_full_capture,200.05493229166672,2128.0,3.405735167333334,3.405735433939941,,,,,four-module-variable-spi,False,True,,0,0,,0,20260906_n2_full_review,,,True,original_complete_three_window_batch,,,,,,,,
20260906_232245_299955,2026-09-06T23:22:45.299955+01:00,FULL,zero_load,2,200,M0_M2,1,BATCH_8b70d810a0494c63acc0cb8f81cf45f4,2,20260906_232245_299955,FULL/N=2/200Hz/M0_M2/Repeat_2,40.00061509999796,30.000615099997958,6003,PASS,CHECK REQUIRED,unassigned_raw_bytes_in_full_capture,200.09589736713127,2128.0,3.4064325567780425,3.4064328234392423,,,,,four-module-variable-spi,False,True,,0,0,,0,20260906_n2_full_review,,,True,original_complete_three_window_batch,,,,,,,,
20260906_232325_329233,2026-09-06T23:23:25.329233+01:00,FULL,zero_load,2,200,M0_M2,1,BATCH_8b70d810a0494c63acc0cb8f81cf45f4,3,20260906_232325_329233,FULL/N=2/200Hz/M0_M2/Repeat_3,40.000869000010425,30.000869000010425,6004,PASS,PASS,,200.1275363056288,2128.0,3.4069711780670247,3.4069711780670247,,,,,four-module-variable-spi,False,True,,0,0,,0,20260906_n2_full_review,,,True,original_complete_three_window_batch,,,,,,,,
20260906_232950_210894,2026-09-06T23:29:50.210894+01:00,FULL,zero_load,2,200,M0_M3,1,BATCH_990964af54fc4a8e9e474a2376acbf02,1,20260906_232950_210894,FULL/N=2/200Hz/M0_M3/Repeat_1,40.00008600001456,30.000086000014562,6004,PASS,CHECK REQUIRED,unassigned_raw_bytes_in_full_capture,200.13275961932527,2128.0,3.4070600997593936,3.407060366425296,,,,,four-module-variable-spi,False,True,,0,0,,0,20260906_n2_full_review,,,True,original_complete_three_window_batch,,,,,,,,
20260906_233030_242504,2026-09-06T23:30:30.242504+01:00,FULL,zero_load,2,200,M0_M3,1,BATCH_990964af54fc4a8e9e474a2376acbf02,2,20260906_233030_242504,FULL/N=2/200Hz/M0_M3/Repeat_2,40.00012979999883,30.00012979999883,6005,PASS,PASS,,200.16580061597713,2128.0,3.4076225896863948,3.4076225896863948,,,,,four-module-variable-spi,False,True,,0,0,,0,20260906_n2_full_review,,,True,original_complete_three_window_batch,,,,,,,,
20260906_233110_283624,2026-09-06T23:31:10.283624+01:00,FULL,zero_load,2,200,M0_M3,1,BATCH_990964af54fc4a8e9e474a2376acbf02,3,20260906_233110_283624,FULL/N=2/200Hz/M0_M3/Repeat_3,40.00212759998976,30.002127599989763,6005,PASS,CHECK REQUIRED,unassigned_raw_bytes_in_full_capture,200.1524718534311,2128.0,3.407395680832811,3.4073959474805675,,,,,four-module-variable-spi,False,True,,0,0,,0,20260906_n2_full_review,,,True,original_complete_three_window_batch,,,,,,,,
20260906_233400_039763,2026-09-06T23:34:00.039763+01:00,FULL,zero_load,2,200,M1_M2,1,BATCH_9870b18f5c6f405aba45d08917c5bf8e,1,20260906_233400_039763,FULL/N=2/200Hz/M1_M2/Repeat_1,40.00242430000799,30.002424300007988,6006,PASS,CHECK REQUIRED,unassigned_raw_bytes_in_full_capture,200.18382314519835,2128.0,3.4079294052238565,3.4079296718689753,,,,,four-module-variable-spi,False,True,,0,0,,0,20260906_n2_full_review,,,True,original_complete_three_window_batch,,,,,,,,
20260906_233440_083230,2026-09-06T23:34:40.083230+01:00,FULL,zero_load,2,200,M1_M2,1,BATCH_9870b18f5c6f405aba45d08917c5bf8e,2,20260906_233440_083230,FULL/N=2/200Hz/M1_M2/Repeat_2,40.00059149999288,30.00059149999288,6007,PASS,CHECK REQUIRED,unassigned_raw_bytes_in_full_capture,200.22938547733054,2128.0,3.408705058366075,3.408705058366075,,,,,four-module-variable-spi,False,True,,0,0,,0,20260906_n2_full_review,,,True,original_complete_three_window_batch,,,,,,,,
20260906_233520_115774,2026-09-06T23:35:20.115774+01:00,FULL,zero_load,2,200,M1_M2,1,BATCH_9870b18f5c6f405aba45d08917c5bf8e,3,20260906_233520_115774,FULL/N=2/200Hz/M1_M2/Repeat_3,40.00313950001146,30.003139500011457,6007,PASS,CHECK REQUIRED,unassigned_raw_bytes_in_full_capture,200.21238110757398,2128.0,3.4084155759753387,3.4084158426141022,,,,,four-module-variable-spi,False,True,,0,0,,0,20260906_n2_full_review,,,True,original_complete_three_window_batch,,,,,,,,
20260906_233935_041252,2026-09-06T23:39:35.041252+01:00,FULL,zero_load,2,200,M1_M3,1,BATCH_d441cd5ac6fb45fe847fa468454f1d8b,1,20260906_233935_041252,FULL/N=2/200Hz/M1_M3/Repeat_1,40.00405499999761,30.004054999997607,6013,PASS,CHECK REQUIRED,unassigned_raw_bytes_in_full_capture,200.40624508922144,2128.0,3.4117159163989057,3.4117161830295326,,,,,four-module-variable-spi,False,True,,0,0,,0,20260906_n2_full_review,,,True,original_complete_three_window_batch,,,,,,,,
20260906_234015_080026,2026-09-06T23:40:15.080026+01:00,FULL,zero_load,2,200,M1_M3,1,BATCH_d441cd5ac6fb45fe847fa468454f1d8b,2,20260906_234015_080026,FULL/N=2/200Hz/M1_M3/Repeat_2,40.00027250000858,30.000272500008577,6011,PASS,CHECK REQUIRED,unassigned_raw_bytes_in_full_capture,200.36484668591865,2128.0,3.4110111499810793,3.4110114166453234,,,,,four-module-variable-spi,False,True,,0,0,,0,20260906_n2_full_review,,,True,original_complete_three_window_batch,,,,,,,,
20260906_234055_124089,2026-09-06T23:40:55.124089+01:00,FULL,zero_load,2,200,M1_M3,1,BATCH_d441cd5ac6fb45fe847fa468454f1d8b,3,20260906_234055_124089,FULL/N=2/200Hz/M1_M3/Repeat_3,40.002008200011915,30.002008200011915,6013,PASS,CHECK REQUIRED,unassigned_raw_bytes_in_full_capture,200.41991722399476,2128.0,3.4119486708212867,3.4119486708212867,,,,,four-module-variable-spi,False,True,,0,0,,0,20260906_n2_full_review,,,True,original_complete_three_window_batch,,,,,,,,
20260906_234339_617031,2026-09-06T23:43:39.617031+01:00,FULL,zero_load,2,200,M2_M3,1,BATCH_9161ebb9271141febb469a6abcd14cb4,1,20260906_234339_617031,FULL/N=2/200Hz/M2_M3/Repeat_1,40.00170259998413,30.001702599984128,6007,PASS,CHECK REQUIRED,unassigned_raw_bytes_in_full_capture,200.22197006923128,2128.0,3.408578818458593,3.4085790851101265,,,,,four-module-variable-spi,False,True,,0,0,,0,20260906_n2_full_review,,,True,original_complete_three_window_batch,,,,,,,,
20260906_234419_667943,2026-09-06T23:44:19.667943+01:00,FULL,zero_load,2,200,M2_M3,1,BATCH_9161ebb9271141febb469a6abcd14cb4,2,20260906_234419_667943,FULL/N=2/200Hz/M2_M3/Repeat_2,40.004241799993906,30.004241799993906,6007,PASS,CHECK REQUIRED,unassigned_raw_bytes_in_full_capture,200.2050256774434,2128.0,3.408290357132796,3.408290623761763,,,,,four-module-variable-spi,False,True,,0,0,,0,20260906_n2_full_review,,,True,original_complete_three_window_batch,,,,,,,,
20260906_234459_699129,2026-09-06T23:44:59.699129+01:00,FULL,zero_load,2,200,M2_M3,1,BATCH_9161ebb9271141febb469a6abcd14cb4,3,20260906_234459_699129,FULL/N=2/200Hz/M2_M3/Repeat_3,40.00313180001103,30.003131800011033,6006,PASS,CHECK REQUIRED,unassigned_raw_bytes_in_full_capture,200.1791026361385,2128.0,3.407849043277622,3.4078493099164535,,,,,four-module-variable-spi,False,True,,0,0,,0,20260906_n2_full_review,,,True,original_complete_three_window_batch,,,,,,,,
20260907_000133_670681,2026-09-07T00:01:33.670681+01:00,FULL,zero_load,3,200,M0_M1_M2,1,BATCH_5ccf81b3a4814c0a88241ef83d9e4bcf,1,20260907_000133_670681,FULL/N=3/200Hz/M0_M1_M2/Repeat_1,40.00300060000154,30.003000600001542,6001,CHECK REQUIRED,CHECK REQUIRED,outer_crc_error;pc_parser_errors;outer_sequence_gap_events;session_lost_frames;session_outer_crc_errors;session_sequence_gap_events;unassigned_raw_bytes_in_full_capture,200.01332800025648,3172.0,5.075538211334508,5.076957002760324,,,,,four-module-variable-spi,False,False,outer_crc_error;pc_parser_errors;outer_sequence_gap_events;session_lost_frames;session_outer_crc_errors;session_sequence_gap_events;unassigned_interior_or_unframed_raw_bytes,1,2,,2148,20260907_n3_full_review,,BATCH_6b6313d281364eaa891ce82942b3d531,False,integrity_failure_retained_for_reliability_not_primary,,,,,,,,
20260907_000213_737553,2026-09-07T00:02:13.737553+01:00,FULL,zero_load,3,200,M0_M1_M2,1,BATCH_5ccf81b3a4814c0a88241ef83d9e4bcf,2,20260907_000213_737553,FULL/N=3/200Hz/M0_M1_M2/Repeat_2,40.00025759998243,30.000257599982433,6004,PASS,PASS,,200.13161486998416,3172.0,5.078539858940719,5.078539592276341,,,,,four-module-variable-spi,False,True,,0,0,,0,20260907_n3_full_review,,BATCH_6b6313d281364eaa891ce82942b3d531,False,earlier_PASS_retained_as_supplemental_not_primary,,,,,,,,
20260907_000253_764287,2026-09-07T00:02:53.764287+01:00,FULL,zero_load,3,200,M0_M1_M2,1,BATCH_5ccf81b3a4814c0a88241ef83d9e4bcf,3,20260907_000253_764287,FULL/N=3/200Hz/M0_M1_M2/Repeat_3,40.00540870000259,30.00540870000259,6005,PASS,CHECK REQUIRED,unassigned_raw_bytes_in_full_capture,200.13058512345748,3172.0,5.078513728092857,5.0785139947114555,,,,,four-module-variable-spi,False,True,,0,0,,0,20260907_n3_full_review,,BATCH_6b6313d281364eaa891ce82942b3d531,False,earlier_PASS_retained_as_supplemental_not_primary,,,,,,,,
20260907_004948_668301,2026-09-07T00:49:48.668301+01:00,FULL,zero_load,3,200,M0_M1_M2,1,BATCH_6b6313d281364eaa891ce82942b3d531,1,20260907_004948_668301,FULL/N=3/200Hz/M0_M1_M2/Batch_20260907_004948_668301/Repeat_1,40.00417259999085,30.004172599990852,6005,PASS,CHECK REQUIRED,unassigned_raw_bytes_in_full_capture,200.1388300239891,3172.0,5.078722950688747,5.078722950688747,,,,,four-module-variable-spi,False,True,,0,0,,0,20260907_full_completion_review,,BATCH_6b6313d281364eaa891ce82942b3d531,True,complete_retest_batch_selected_as_one_unit,,,,,,,,
20260907_005028_724004,2026-09-07T00:50:28.724004+01:00,FULL,zero_load,3,200,M0_M1_M2,1,BATCH_6b6313d281364eaa891ce82942b3d531,2,20260907_005028_724004,FULL/N=3/200Hz/M0_M1_M2/Batch_20260907_004948_668301/Repeat_2,40.0014366999967,30.001436699996702,6003,PASS,PASS,,200.0904176699198,3172.0,5.077494438791884,5.077494438791884,,,,,four-module-variable-spi,False,True,,0,0,,0,20260907_full_completion_review,,BATCH_6b6313d281364eaa891ce82942b3d531,True,complete_retest_batch_selected_as_one_unit,,,,,,,,
20260907_005108_797842,2026-09-07T00:51:08.797842+01:00,FULL,zero_load,3,200,M0_M1_M2,1,BATCH_6b6313d281364eaa891ce82942b3d531,3,20260907_005108_797842,FULL/N=3/200Hz/M0_M1_M2/Batch_20260907_004948_668301/Repeat_3,40.00637069999357,30.006370699993568,6002,PASS,CHECK REQUIRED,unassigned_raw_bytes_in_full_capture,200.02419019642673,3172.0,5.075813850424525,5.075814117034575,,,,,four-module-variable-spi,False,True,,0,0,,0,20260907_full_completion_review,"PC completion gap 278.7935 ms, corresponding bridge interval 5 ms; PASS retained",BATCH_6b6313d281364eaa891ce82942b3d531,True,complete_retest_batch_selected_as_one_unit,,,,,,,,
20260907_001345_234235,2026-09-07T00:13:45.234235+01:00,FULL,zero_load,3,200,M0_M1_M3,1,BATCH_99a81ef679d94018b7b50eb637f57582,1,20260907_001345_234235,FULL/N=3/200Hz/M0_M1_M3/Repeat_1,40.00078930001473,30.00078930001473,6003,PASS,CHECK REQUIRED,unassigned_raw_bytes_in_full_capture,200.09473550741055,3172.0,5.07760400823605,5.077604274895701,,,,,four-module-variable-spi,False,True,,0,0,,0,20260907_n3_full_review,,,True,original_complete_three_window_batch,,,,,,,,
20260907_001425_309099,2026-09-07T00:14:25.309099+01:00,FULL,zero_load,3,200,M0_M1_M3,1,BATCH_99a81ef679d94018b7b50eb637f57582,2,20260907_001425_309099,FULL/N=3/200Hz/M0_M1_M3/Repeat_2,40.002674799994566,30.002674799994566,6003,PASS,PASS,,200.0821606745905,3172.0,5.077284909278409,5.077284909278409,,,,,four-module-variable-spi,False,True,,0,0,,0,20260907_n3_full_review,,,True,original_complete_three_window_batch,,,,,,,,
20260907_001505_375008,2026-09-07T00:15:05.375008+01:00,FULL,zero_load,3,200,M0_M1_M3,1,BATCH_99a81ef679d94018b7b50eb637f57582,3,20260907_001505_375008,FULL/N=3/200Hz/M0_M1_M3/Repeat_3,40.00143200001912,30.001432000019122,5974,PASS,CHECK REQUIRED,unassigned_raw_bytes_in_full_capture,199.12382848912654,3172.0,5.052966271740075,5.053238258757228,,,,,four-module-variable-spi,False,True,,0,0,,0,20260907_n3_full_review,Bridge enqueue gap 123 ms and separate PC completion gap 301.3735 ms; PASS retained,,True,original_complete_three_window_batch,,,,,,,,
20260907_001710_986331,2026-09-07T00:17:10.986331+01:00,FULL,zero_load,3,200,M0_M2_M3,1,BATCH_5e558777cbde42149caff5504c6a2042,1,20260907_001710_986331,FULL/N=3/200Hz/M0_M2_M3/Repeat_1,40.00337359998957,30.003373599989573,6005,PASS,CHECK REQUIRED,unassigned_raw_bytes_in_full_capture,200.1441597888208,3172.0,5.078858198801116,5.078858465437799,,,,,four-module-variable-spi,False,True,,0,0,,0,20260907_n3_full_review,,,True,original_complete_three_window_batch,,,,,,,,
20260907_001751_034069,2026-09-07T00:17:51.034069+01:00,FULL,zero_load,3,200,M0_M2_M3,1,BATCH_5e558777cbde42149caff5504c6a2042,2,20260907_001751_034069,FULL/N=3/200Hz/M0_M2_M3/Repeat_2,40.00318010000046,30.003180100000463,6005,PASS,CHECK REQUIRED,unassigned_raw_bytes_in_full_capture,200.1454505817504,3172.0,5.078890953962499,5.078891220600901,,,,,four-module-variable-spi,False,True,,0,0,,0,20260907_n3_full_review,,,True,original_complete_three_window_batch,,,,,,,,
20260907_001831_069491,2026-09-07T00:18:31.069491+01:00,FULL,zero_load,3,200,M0_M2_M3,1,BATCH_5e558777cbde42149caff5504c6a2042,3,20260907_001831_069491,FULL/N=3/200Hz/M0_M2_M3/Repeat_3,40.003763699991396,30.003763699991396,6007,PASS,CHECK REQUIRED,unassigned_raw_bytes_in_full_capture,200.2082158779874,3172.0,5.080483686119808,5.080483952753024,,,,,four-module-variable-spi,False,True,,0,0,,0,20260907_n3_full_review,,,True,original_complete_three_window_batch,,,,,,,,
20260907_003258_918645,2026-09-07T00:32:58.918645+01:00,FULL,zero_load,3,200,M1_M2_M3,1,BATCH_dc8d0a297550491886808808275de52f,1,20260907_003258_918645,FULL/N=3/200Hz/M1_M2_M3/Repeat_1,40.00021979998564,30.000219799985643,6007,PASS,PASS,,200.23186630128873,3172.0,5.0810838392615025,5.0810838392615025,,,,,four-module-variable-spi,False,True,,0,0,,0,20260907_n3_full_review,,,True,original_complete_three_window_batch,,,,,,,,
20260907_003339_025463,2026-09-07T00:33:39.025463+01:00,FULL,zero_load,3,200,M1_M2_M3,1,BATCH_dc8d0a297550491886808808275de52f,2,20260907_003339_025463,FULL/N=3/200Hz/M1_M2_M3/Repeat_2,40.00244559999555,30.002445599995553,6008,PASS,CHECK REQUIRED,unassigned_raw_bytes_in_full_capture,200.2503422587954,3172.0,5.081552685159193,5.081552951804122,,,,,four-module-variable-spi,False,True,,0,0,,0,20260907_n3_full_review,,,True,original_complete_three_window_batch,,,,,,,,
20260907_003419_073823,2026-09-07T00:34:19.073823+01:00,FULL,zero_load,3,200,M1_M2_M3,1,BATCH_dc8d0a297550491886808808275de52f,3,20260907_003419_073823,FULL/N=3/200Hz/M1_M2_M3/Repeat_3,40.00398989999667,30.003989899996668,6006,PASS,PASS,,200.17337760804494,3172.0,5.0795996301817485,5.0795996301817485,,,,,four-module-variable-spi,False,True,,0,0,,0,20260907_n3_full_review,,,True,original_complete_three_window_batch,,,,,,,,
20260907_005250_875035,2026-09-07T00:52:50.875035+01:00,FULL,zero_load,4,200,M0_M1_M2_M3,1,BATCH_9fd1ea44282d4e30a57739ebb1856112,1,20260907_005250_875035,FULL/N=4/200Hz/M0_M1_M2_M3/Repeat_1,40.00000839997665,30.00000839997665,6002,PASS,CHECK REQUIRED,unassigned_raw_bytes_in_full_capture,200.0666106481714,4216.0,6.747846643941525,6.747846910608117,,,,,four-module-variable-spi,False,True,,0,0,,0,20260907_full_completion_review,,,True,original_complete_three_window_batch,,,,,,,,
20260907_005330_930696,2026-09-07T00:53:30.930696+01:00,FULL,zero_load,4,200,M0_M1_M2_M3,1,BATCH_9fd1ea44282d4e30a57739ebb1856112,2,20260907_005330_930696,FULL/N=4/200Hz/M0_M1_M2_M3/Repeat_2,40.00523650000105,30.005236500001047,6002,PASS,PASS,,200.03175112450091,4216.0,6.746670901927166,6.746670901927166,,,,,four-module-variable-spi,False,True,,0,0,,0,20260907_full_completion_review,,,True,original_complete_three_window_batch,,,,,,,,
20260907_005410_996854,2026-09-07T00:54:10.996854+01:00,FULL,zero_load,4,200,M0_M1_M2_M3,1,BATCH_9fd1ea44282d4e30a57739ebb1856112,3,20260907_005410_996854,FULL/N=4/200Hz/M0_M1_M2_M3/Repeat_3,40.000026299996534,30.000026299996534,6003,PASS,PASS,,200.0998245791769,4216.0,6.748966883406479,6.748966883406479,,,,,four-module-variable-spi,False,True,,0,0,,0,20260907_full_completion_review,,,True,original_complete_three_window_batch,,,,,,,,
20260907_040621_371357,2026-09-07T04:06:21.371357+01:00,DELTA,large_area,1,200,M1,1,BATCH_b85c7425a5b149dabf8cd9a9dcb33094,1,20260907_040621_371357,DELTA/Dynamic_load/N=1/200Hz/M1/Large_area/Repeat_1,40.00260340000386,30.002603400003863,5998,PASS,CHECK REQUIRED,initial_delta_prefix_cache_not_verifiable_from_file,199.9159846241619,284.67255751917304,0.45528475705539073,0.45528475705539073,77.04437720625315,0.008169389796598866,49,5949,four-module-variable-spi,False,False,,0,0,0,0,20260907_delta_large_area_review,PC maximum completion gap 106.9175 ms; bridge maximum enqueue gap 27 ms. Do not infer physical scan loss or SCK instability.,,False,excluded_pending_independent_inner_sequence_review; original recorder PASS preserved,106.91750000114553,27,199.91332755517035,CHECK_inner_sequence_discontinuity,both,large_area; both layers; area/force/rhythm not recorded,inner_sequence_reset_to_2_on_ESKF,1
20260907_040701_400114,2026-09-07T04:07:01.400114+01:00,DELTA,large_area,1,200,M1,1,BATCH_b85c7425a5b149dabf8cd9a9dcb33094,2,20260907_040701_400114,DELTA/Dynamic_load/N=1/200Hz/M1/Large_area/Repeat_2,40.000133699999424,30.000133699999424,5950,PASS,CHECK REQUIRED,initial_delta_prefix_cache_not_verifiable_from_file;unassigned_raw_bytes_in_full_capture,198.33244943172085,269.2339495798319,0.427182629522756,0.4271828961882342,68.39718118526065,0.010252100840336134,61,5889,four-module-variable-spi,False,False,,0,0,0,0,20260907_delta_large_area_review,PC maximum completion gap 55.7936 ms; bridge maximum enqueue gap 48 ms. Do not infer physical scan loss or SCK instability.,,False,excluded_pending_independent_inner_sequence_review; original recorder PASS preserved,55.793600011384115,48,198.33966793358672,CHECK_inner_sequence_discontinuity,both,large_area; both layers; area/force/rhythm not recorded,inner_sequence_reset_to_2_on_ESKF,11
20260907_040741_429011,2026-09-07T04:07:41.429011+01:00,DELTA,large_area,1,200,M1,1,BATCH_b85c7425a5b149dabf8cd9a9dcb33094,3,20260907_040741_429011,DELTA/Dynamic_load/N=1/200Hz/M1/Large_area/Repeat_3,40.000762200012105,30.000762200012105,5979,PASS,CHECK REQUIRED,initial_delta_prefix_cache_not_verifiable_from_file;unassigned_raw_bytes_in_full_capture,199.29493657989755,262.79745776885767,0.41899362143522234,0.41899388809511406,66.56365779723812,0.0068573340023415285,41,5938,four-module-variable-spi,False,False,,0,0,0,0,20260907_delta_large_area_review,PC maximum completion gap 127.6216 ms; bridge maximum enqueue gap 126 ms. Do not infer physical scan loss or SCK instability.,,False,excluded_pending_independent_inner_sequence_review; original recorder PASS preserved,127.62159999692813,126,199.29323909854648,CHECK_inner_sequence_discontinuity,both,large_area; both layers; area/force/rhythm not recorded,inner_sequence_forward_gaps_on_ESKF,2
