N,M_configured_slots,frequency_Hz,FULL_Mbit_s,DELTA_K0_Mbit_s,DELTA_K240_Mbit_s,DELTA_K480_Mbit_s,USB_raw_Mbit_s,q_ESKF_total,T_sync_s,DELTA_K0_no_ESKF_bound_Mbit_s,DELTA_K240_no_ESKF_bound_Mbit_s,DELTA_K480_no_ESKF_bound_Mbit_s
1,4,200,1.7344,0.20608000000000004,0.97024,1.7344,480.0,0.005,1.0,0.1984,0.9664,1.7344
2,4,200,3.4048,0.34816,1.87648,3.4048,480.0,0.005,1.0,0.3328,1.8688,3.4048
3,4,200,5.0752,0.49023999999999995,2.7827199999999994,5.0752,480.0,0.005,1.0,0.4672,2.7712,5.0752
4,4,200,6.7456,0.63232,3.68896,6.7456,480.0,0.005,1.0,0.6016,3.6736,6.7456
5,5,200,8.4224,0.7808,4.6016,8.4224,480.0,0.005,1.0,0.7424,4.5824,8.4224
6,6,200,10.0992,0.9292799999999999,5.514239999999999,10.0992,480.0,0.005,1.0,0.8832,5.4912,10.0992
7,7,200,11.776,1.07776,6.42688,11.776,480.0,0.005,1.0,1.024,6.4,11.776
8,8,200,13.4528,1.22624,7.33952,13.4528,480.0,0.005,1.0,1.1648,7.3088,13.4528
9,9,200,15.1296,1.37472,8.25216,15.1296,480.0,0.005,1.0,1.3056,8.2176,15.1296
10,10,200,16.8064,1.5232,9.1648,16.8064,480.0,0.005,1.0,1.4464,9.1264,16.8064
11,11,200,18.4832,1.67168,10.07744,18.4832,480.0,0.005,1.0,1.5872,10.0352,18.4832
12,12,200,20.16,1.8201599999999998,10.990079999999999,20.16,480.0,0.005,1.0,1.728,10.944,20.16
13,13,200,21.8368,1.9686399999999997,11.90272,21.8368,480.0,0.005,1.0,1.8688,11.8528,21.8368
14,14,200,23.5136,2.11712,12.81536,23.5136,480.0,0.005,1.0,2.0096,12.7616,23.5136
15,15,200,25.1904,2.2656,13.728,25.1904,480.0,0.005,1.0,2.1504,13.6704,25.1904
16,16,200,26.8672,2.41408,14.64064,26.8672,480.0,0.005,1.0,2.2912,14.5792,26.8672
17,17,200,28.544,2.56256,15.553279999999997,28.544,480.0,0.005,1.0,2.432,15.488,28.544
18,18,200,30.2208,2.71104,16.465919999999997,30.2208,480.0,0.005,1.0,2.5728,16.3968,30.2208
19,19,200,31.8976,2.85952,17.37856,31.8976,480.0,0.005,1.0,2.7136,17.3056,31.8976
20,20,200,33.5744,3.008,18.2912,33.5744,480.0,0.005,1.0,2.8544,18.2144,33.5744
21,21,200,35.2512,3.15648,19.20384,35.2512,480.0,0.005,1.0,2.9952,19.1232,35.2512
22,22,200,36.928,3.30496,20.11648,36.928,480.0,0.005,1.0,3.136,20.032,36.928
23,23,200,38.6048,3.4534399999999996,21.02912,38.6048,480.0,0.005,1.0,3.2768,20.9408,38.6048
24,24,200,40.2816,3.6019199999999993,21.941759999999995,40.2816,480.0,0.005,1.0,3.4176,21.8496,40.2816
25,25,200,41.9584,3.7504,22.8544,41.9584,480.0,0.005,1.0,3.5584,22.7584,41.9584
26,26,200,43.6352,3.8988799999999997,23.76704,43.6352,480.0,0.005,1.0,3.6992,23.6672,43.6352
27,27,200,45.312,4.04736,24.67968,45.312,480.0,0.005,1.0,3.84,24.576,45.312
28,28,200,46.9888,4.19584,25.59232,46.9888,480.0,0.005,1.0,3.9808,25.4848,46.9888
29,29,200,48.6656,4.34432,26.504959999999997,48.6656,480.0,0.005,1.0,4.1216,26.3936,48.6656
30,30,200,50.3424,4.4928,27.4176,50.3424,480.0,0.005,1.0,4.2624,27.3024,50.3424
31,31,200,52.0192,4.64128,28.330239999999996,52.0192,480.0,0.005,1.0,4.4032,28.2112,52.0192
32,32,200,53.696,4.78976,29.24288,53.696,480.0,0.005,1.0,4.544,29.12,53.696
33,33,200,55.3728,4.93824,30.15552,55.3728,480.0,0.005,1.0,4.6848,30.0288,55.3728
34,34,200,57.0496,5.08672,31.068159999999995,57.0496,480.0,0.005,1.0,4.8256,30.9376,57.0496
35,35,200,58.7264,5.2352,31.9808,58.7264,480.0,0.005,1.0,4.9664,31.8464,58.7264
36,36,200,60.4032,5.38368,32.89344,60.4032,480.0,0.005,1.0,5.1072,32.7552,60.4032
37,37,200,62.08,5.53216,33.80608,62.08,480.0,0.005,1.0,5.248,33.664,62.08
38,38,200,63.7568,5.68064,34.71872,63.7568,480.0,0.005,1.0,5.3888,34.5728,63.7568
39,39,200,65.4336,5.82912,35.63136,65.4336,480.0,0.005,1.0,5.5296,35.4816,65.4336
40,40,200,67.1104,5.9776,36.544,67.1104,480.0,0.005,1.0,5.6704,36.3904,67.1104
41,41,200,68.7872,6.12608,37.45664,68.7872,480.0,0.005,1.0,5.8112,37.2992,68.7872
42,42,200,70.464,6.27456,38.36928,70.464,480.0,0.005,1.0,5.952,38.208,70.464
43,43,200,72.1408,6.42304,39.28192,72.1408,480.0,0.005,1.0,6.0928,39.1168,72.1408
44,44,200,73.8176,6.57152,40.19456,73.8176,480.0,0.005,1.0,6.2336,40.0256,73.8176
45,45,200,75.4944,6.72,41.1072,75.4944,480.0,0.005,1.0,6.3744,40.9344,75.4944
46,46,200,77.1712,6.868479999999999,42.01984,77.1712,480.0,0.005,1.0,6.5152,41.8432,77.1712
47,47,200,78.848,7.016959999999999,42.93248,78.848,480.0,0.005,1.0,6.656,42.752,78.848
48,48,200,80.5248,7.165439999999999,43.845119999999994,80.5248,480.0,0.005,1.0,6.7968,43.6608,80.5248
49,49,200,82.2016,7.31392,44.75776,82.2016,480.0,0.005,1.0,6.9376,44.5696,82.2016
50,50,200,83.8784,7.4624,45.6704,83.8784,480.0,0.005,1.0,7.0784,45.4784,83.8784
51,51,200,85.5552,7.61088,46.58304,85.5552,480.0,0.005,1.0,7.2192,46.3872,85.5552
52,52,200,87.232,7.759359999999999,47.49568,87.232,480.0,0.005,1.0,7.36,47.296,87.232
53,53,200,88.9088,7.907839999999999,48.40831999999999,88.9088,480.0,0.005,1.0,7.5008,48.2048,88.9088
54,54,200,90.5856,8.05632,49.32096,90.5856,480.0,0.005,1.0,7.6416,49.1136,90.5856
55,55,200,92.2624,8.2048,50.2336,92.2624,480.0,0.005,1.0,7.7824,50.0224,92.2624
56,56,200,93.9392,8.35328,51.14624,93.9392,480.0,0.005,1.0,7.9232,50.9312,93.9392
57,57,200,95.616,8.50176,52.05888,95.616,480.0,0.005,1.0,8.064,51.84,95.616
58,58,200,97.2928,8.65024,52.97151999999999,97.2928,480.0,0.005,1.0,8.2048,52.7488,97.2928
59,59,200,98.9696,8.79872,53.88416,98.9696,480.0,0.005,1.0,8.3456,53.6576,98.9696
60,60,200,100.6464,8.9472,54.7968,100.6464,480.0,0.005,1.0,8.4864,54.5664,100.6464
61,61,200,102.3232,9.09568,55.70944,102.3232,480.0,0.005,1.0,8.6272,55.4752,102.3232
62,62,200,104.0,9.24416,56.62207999999999,104.0,480.0,0.005,1.0,8.768,56.384,104.0
63,63,200,105.6768,9.39264,57.53471999999999,105.6768,480.0,0.005,1.0,8.9088,57.2928,105.6768
64,64,200,107.3536,9.54112,58.44736,107.3536,480.0,0.005,1.0,9.0496,58.2016,107.3536
65,65,200,109.0304,9.6896,59.36,109.0304,480.0,0.005,1.0,9.1904,59.1104,109.0304
66,66,200,110.7072,9.83808,60.27264,110.7072,480.0,0.005,1.0,9.3312,60.0192,110.7072
67,67,200,112.384,9.98656,61.18527999999999,112.384,480.0,0.005,1.0,9.472,60.928,112.384
68,68,200,114.0608,10.13504,62.097919999999995,114.0608,480.0,0.005,1.0,9.6128,61.8368,114.0608
69,69,200,115.7376,10.28352,63.01056,115.7376,480.0,0.005,1.0,9.7536,62.7456,115.7376
70,70,200,117.4144,10.432,63.9232,117.4144,480.0,0.005,1.0,9.8944,63.6544,117.4144
71,71,200,119.0912,10.58048,64.83584,119.0912,480.0,0.005,1.0,10.0352,64.5632,119.0912
72,72,200,120.768,10.72896,65.74847999999999,120.768,480.0,0.005,1.0,10.176,65.472,120.768
73,73,200,122.4448,10.87744,66.66112,122.4448,480.0,0.005,1.0,10.3168,66.3808,122.4448
74,74,200,124.1216,11.02592,67.57376,124.1216,480.0,0.005,1.0,10.4576,67.2896,124.1216
75,75,200,125.7984,11.1744,68.4864,125.7984,480.0,0.005,1.0,10.5984,68.1984,125.7984
76,76,200,127.4752,11.32288,69.39904,127.4752,480.0,0.005,1.0,10.7392,69.1072,127.4752
77,77,200,129.152,11.47136,70.31168,129.152,480.0,0.005,1.0,10.88,70.016,129.152
78,78,200,130.8288,11.61984,71.22432,130.8288,480.0,0.005,1.0,11.0208,70.9248,130.8288
79,79,200,132.5056,11.76832,72.13696,132.5056,480.0,0.005,1.0,11.1616,71.8336,132.5056
80,80,200,134.1824,11.9168,73.0496,134.1824,480.0,0.005,1.0,11.3024,72.7424,134.1824
81,81,200,135.8592,12.06528,73.96224,135.8592,480.0,0.005,1.0,11.4432,73.6512,135.8592
82,82,200,137.536,12.21376,74.87488,137.536,480.0,0.005,1.0,11.584,74.56,137.536
83,83,200,139.2128,12.36224,75.78752,139.2128,480.0,0.005,1.0,11.7248,75.4688,139.2128
84,84,200,140.8896,12.51072,76.70016,140.8896,480.0,0.005,1.0,11.8656,76.3776,140.8896
85,85,200,142.5664,12.6592,77.6128,142.5664,480.0,0.005,1.0,12.0064,77.2864,142.5664
86,86,200,144.2432,12.80768,78.52544,144.2432,480.0,0.005,1.0,12.1472,78.1952,144.2432
87,87,200,145.92,12.95616,79.43808,145.92,480.0,0.005,1.0,12.288,79.104,145.92
88,88,200,147.5968,13.10464,80.35072,147.5968,480.0,0.005,1.0,12.4288,80.0128,147.5968
89,89,200,149.2736,13.253120000000003,81.26336,149.2736,480.0,0.005,1.0,12.5696,80.9216,149.2736
90,90,200,150.9504,13.4016,82.176,150.9504,480.0,0.005,1.0,12.7104,81.8304,150.9504
91,91,200,152.6272,13.550079999999998,83.08864,152.6272,480.0,0.005,1.0,12.8512,82.7392,152.6272
92,92,200,154.304,13.698559999999999,84.00128,154.304,480.0,0.005,1.0,12.992,83.648,154.304
93,93,200,155.9808,13.84704,84.91392,155.9808,480.0,0.005,1.0,13.1328,84.5568,155.9808
94,94,200,157.6576,13.995519999999997,85.82656,157.6576,480.0,0.005,1.0,13.2736,85.4656,157.6576
95,95,200,159.3344,14.144,86.7392,159.3344,480.0,0.005,1.0,13.4144,86.3744,159.3344
96,96,200,161.0112,14.292479999999998,87.65183999999998,161.0112,480.0,0.005,1.0,13.5552,87.2832,161.0112
97,97,200,162.688,14.44096,88.56448,162.688,480.0,0.005,1.0,13.696,88.192,162.688
98,98,200,164.3648,14.58944,89.47712,164.3648,480.0,0.005,1.0,13.8368,89.1008,164.3648
99,99,200,166.0416,14.737919999999999,90.38976,166.0416,480.0,0.005,1.0,13.9776,90.0096,166.0416
100,100,200,167.7184,14.8864,91.3024,167.7184,480.0,0.005,1.0,14.1184,90.9184,167.7184
101,101,200,169.3952,15.034879999999998,92.21503999999999,169.3952,480.0,0.005,1.0,14.2592,91.8272,169.3952
102,102,200,171.072,15.18336,93.12768,171.072,480.0,0.005,1.0,14.4,92.736,171.072
103,103,200,172.7488,15.33184,94.04032,172.7488,480.0,0.005,1.0,14.5408,93.6448,172.7488
104,104,200,174.4256,15.480319999999999,94.95296,174.4256,480.0,0.005,1.0,14.6816,94.5536,174.4256
105,105,200,176.1024,15.6288,95.8656,176.1024,480.0,0.005,1.0,14.8224,95.4624,176.1024
106,106,200,177.7792,15.777279999999998,96.77823999999998,177.7792,480.0,0.005,1.0,14.9632,96.3712,177.7792
107,107,200,179.456,15.92576,97.69088,179.456,480.0,0.005,1.0,15.104,97.28,179.456
108,108,200,181.1328,16.07424,98.60352,181.1328,480.0,0.005,1.0,15.2448,98.1888,181.1328
109,109,200,182.8096,16.22272,99.51616,182.8096,480.0,0.005,1.0,15.3856,99.0976,182.8096
110,110,200,184.4864,16.3712,100.4288,184.4864,480.0,0.005,1.0,15.5264,100.0064,184.4864
111,111,200,186.1632,16.519679999999997,101.34143999999999,186.1632,480.0,0.005,1.0,15.6672,100.9152,186.1632
112,112,200,187.84,16.66816,102.25408,187.84,480.0,0.005,1.0,15.808,101.824,187.84
113,113,200,189.5168,16.81664,103.16672,189.5168,480.0,0.005,1.0,15.9488,102.7328,189.5168
114,114,200,191.1936,16.96512,104.07936,191.1936,480.0,0.005,1.0,16.0896,103.6416,191.1936
115,115,200,192.8704,17.1136,104.992,192.8704,480.0,0.005,1.0,16.2304,104.5504,192.8704
116,116,200,194.5472,17.26208,105.90463999999999,194.5472,480.0,0.005,1.0,16.3712,105.4592,194.5472
117,117,200,196.224,17.41056,106.81728,196.224,480.0,0.005,1.0,16.512,106.368,196.224
118,118,200,197.9008,17.55904,107.72992,197.9008,480.0,0.005,1.0,16.6528,107.2768,197.9008
119,119,200,199.5776,17.70752,108.64255999999999,199.5776,480.0,0.005,1.0,16.7936,108.1856,199.5776
120,120,200,201.2544,17.856,109.5552,201.2544,480.0,0.005,1.0,16.9344,109.0944,201.2544
121,121,200,202.9312,18.00448,110.46783999999998,202.9312,480.0,0.005,1.0,17.0752,110.0032,202.9312
122,122,200,204.608,18.15296,111.38048,204.608,480.0,0.005,1.0,17.216,110.912,204.608
123,123,200,206.2848,18.30144,112.29312,206.2848,480.0,0.005,1.0,17.3568,111.8208,206.2848
124,124,200,207.9616,18.44992,113.20575999999998,207.9616,480.0,0.005,1.0,17.4976,112.7296,207.9616
125,125,200,209.6384,18.5984,114.1184,209.6384,480.0,0.005,1.0,17.6384,113.6384,209.6384
126,126,200,211.3152,18.74688,115.03103999999999,211.3152,480.0,0.005,1.0,17.7792,114.5472,211.3152
127,127,200,212.992,18.89536,115.94368,212.992,480.0,0.005,1.0,17.92,115.456,212.992
128,128,200,214.6688,19.04384,116.85632,214.6688,480.0,0.005,1.0,18.0608,116.3648,214.6688
129,129,200,216.3456,19.19232,117.76895999999998,216.3456,480.0,0.005,1.0,18.2016,117.2736,216.3456
130,130,200,218.0224,19.3408,118.6816,218.0224,480.0,0.005,1.0,18.3424,118.1824,218.0224
131,131,200,219.6992,19.48928,119.59423999999999,219.6992,480.0,0.005,1.0,18.4832,119.0912,219.6992
132,132,200,221.376,19.63776,120.50688,221.376,480.0,0.005,1.0,18.624,120.0,221.376
133,133,200,223.0528,19.78624,121.41952,223.0528,480.0,0.005,1.0,18.7648,120.9088,223.0528
134,134,200,224.7296,19.93472,122.33215999999999,224.7296,480.0,0.005,1.0,18.9056,121.8176,224.7296
135,135,200,226.4064,20.0832,123.2448,226.4064,480.0,0.005,1.0,19.0464,122.7264,226.4064
136,136,200,228.0832,20.23168,124.15743999999998,228.0832,480.0,0.005,1.0,19.1872,123.6352,228.0832
137,137,200,229.76,20.38016,125.07008,229.76,480.0,0.005,1.0,19.328,124.544,229.76
138,138,200,231.4368,20.52864,125.98272,231.4368,480.0,0.005,1.0,19.4688,125.4528,231.4368
139,139,200,233.1136,20.67712,126.89535999999998,233.1136,480.0,0.005,1.0,19.6096,126.3616,233.1136
140,140,200,234.7904,20.8256,127.808,234.7904,480.0,0.005,1.0,19.7504,127.2704,234.7904
141,141,200,236.4672,20.97408,128.72063999999997,236.4672,480.0,0.005,1.0,19.8912,128.1792,236.4672
142,142,200,238.144,21.12256,129.63328,238.144,480.0,0.005,1.0,20.032,129.088,238.144
143,143,200,239.8208,21.27104,130.54592,239.8208,480.0,0.005,1.0,20.1728,129.9968,239.8208
144,144,200,241.4976,21.41952,131.45855999999998,241.4976,480.0,0.005,1.0,20.3136,130.9056,241.4976
145,145,200,243.1744,21.568,132.3712,243.1744,480.0,0.005,1.0,20.4544,131.8144,243.1744
146,146,200,244.8512,21.71648,133.28384,244.8512,480.0,0.005,1.0,20.5952,132.7232,244.8512
147,147,200,246.528,21.86496,134.19648,246.528,480.0,0.005,1.0,20.736,133.632,246.528
148,148,200,248.2048,22.01344,135.10912,248.2048,480.0,0.005,1.0,20.8768,134.5408,248.2048
149,149,200,249.8816,22.16192,136.02176,249.8816,480.0,0.005,1.0,21.0176,135.4496,249.8816
150,150,200,251.5584,22.3104,136.9344,251.5584,480.0,0.005,1.0,21.1584,136.3584,251.5584
151,151,200,253.2352,22.45888,137.84704,253.2352,480.0,0.005,1.0,21.2992,137.2672,253.2352
152,152,200,254.912,22.60736,138.75968,254.912,480.0,0.005,1.0,21.44,138.176,254.912
153,153,200,256.5888,22.75584,139.67232,256.5888,480.0,0.005,1.0,21.5808,139.0848,256.5888
154,154,200,258.2656,22.90432,140.58496,258.2656,480.0,0.005,1.0,21.7216,139.9936,258.2656
155,155,200,259.9424,23.0528,141.4976,259.9424,480.0,0.005,1.0,21.8624,140.9024,259.9424
156,156,200,261.6192,23.20128,142.41024,261.6192,480.0,0.005,1.0,22.0032,141.8112,261.6192
157,157,200,263.296,23.34976,143.32288,263.296,480.0,0.005,1.0,22.144,142.72,263.296
158,158,200,264.9728,23.49824,144.23552,264.9728,480.0,0.005,1.0,22.2848,143.6288,264.9728
159,159,200,266.6496,23.64672,145.14816,266.6496,480.0,0.005,1.0,22.4256,144.5376,266.6496
160,160,200,268.3264,23.7952,146.0608,268.3264,480.0,0.005,1.0,22.5664,145.4464,268.3264
161,161,200,270.0032,23.94368,146.97344,270.0032,480.0,0.005,1.0,22.7072,146.3552,270.0032
162,162,200,271.68,24.09216,147.88608,271.68,480.0,0.005,1.0,22.848,147.264,271.68
163,163,200,273.3568,24.24064,148.79872,273.3568,480.0,0.005,1.0,22.9888,148.1728,273.3568
164,164,200,275.0336,24.38912,149.71136,275.0336,480.0,0.005,1.0,23.1296,149.0816,275.0336
165,165,200,276.7104,24.5376,150.624,276.7104,480.0,0.005,1.0,23.2704,149.9904,276.7104
166,166,200,278.3872,24.68608,151.53664,278.3872,480.0,0.005,1.0,23.4112,150.8992,278.3872
167,167,200,280.064,24.83456,152.44928,280.064,480.0,0.005,1.0,23.552,151.808,280.064
168,168,200,281.7408,24.98304,153.36192,281.7408,480.0,0.005,1.0,23.6928,152.7168,281.7408
169,169,200,283.4176,25.13152,154.27456,283.4176,480.0,0.005,1.0,23.8336,153.6256,283.4176
170,170,200,285.0944,25.28,155.1872,285.0944,480.0,0.005,1.0,23.9744,154.5344,285.0944
171,171,200,286.7712,25.42848,156.09984,286.7712,480.0,0.005,1.0,24.1152,155.4432,286.7712
172,172,200,288.448,25.57696,157.01248,288.448,480.0,0.005,1.0,24.256,156.352,288.448
173,173,200,290.1248,25.72544,157.92512,290.1248,480.0,0.005,1.0,24.3968,157.2608,290.1248
174,174,200,291.8016,25.87392,158.83776,291.8016,480.0,0.005,1.0,24.5376,158.1696,291.8016
175,175,200,293.4784,26.0224,159.7504,293.4784,480.0,0.005,1.0,24.6784,159.0784,293.4784
176,176,200,295.1552,26.17088,160.66304,295.1552,480.0,0.005,1.0,24.8192,159.9872,295.1552
177,177,200,296.832,26.319359999999996,161.57568,296.832,480.0,0.005,1.0,24.96,160.896,296.832
178,178,200,298.5088,26.467840000000002,162.48832,298.5088,480.0,0.005,1.0,25.1008,161.8048,298.5088
179,179,200,300.1856,26.616319999999995,163.40096,300.1856,480.0,0.005,1.0,25.2416,162.7136,300.1856
180,180,200,301.8624,26.7648,164.3136,301.8624,480.0,0.005,1.0,25.3824,163.6224,301.8624
181,181,200,303.5392,26.91328,165.22624,303.5392,480.0,0.005,1.0,25.5232,164.5312,303.5392
182,182,200,305.216,27.061759999999996,166.13888,305.216,480.0,0.005,1.0,25.664,165.44,305.216
183,183,200,306.8928,27.210240000000002,167.05152,306.8928,480.0,0.005,1.0,25.8048,166.3488,306.8928
184,184,200,308.5696,27.358719999999995,167.96416,308.5696,480.0,0.005,1.0,25.9456,167.2576,308.5696
185,185,200,310.2464,27.5072,168.8768,310.2464,480.0,0.005,1.0,26.0864,168.1664,310.2464
186,186,200,311.9232,27.65568,169.78944,311.9232,480.0,0.005,1.0,26.2272,169.0752,311.9232
187,187,200,313.6,27.804159999999996,170.70208,313.6,480.0,0.005,1.0,26.368,169.984,313.6
188,188,200,315.2768,27.952639999999995,171.61472,315.2768,480.0,0.005,1.0,26.5088,170.8928,315.2768
189,189,200,316.9536,28.10112,172.52736,316.9536,480.0,0.005,1.0,26.6496,171.8016,316.9536
190,190,200,318.6304,28.2496,173.44,318.6304,480.0,0.005,1.0,26.7904,172.7104,318.6304
191,191,200,320.3072,28.39808,174.35264,320.3072,480.0,0.005,1.0,26.9312,173.6192,320.3072
192,192,200,321.984,28.546559999999996,175.26527999999996,321.984,480.0,0.005,1.0,27.072,174.528,321.984
193,193,200,323.6608,28.695039999999995,176.17792,323.6608,480.0,0.005,1.0,27.2128,175.4368,323.6608
194,194,200,325.3376,28.84352,177.09056,325.3376,480.0,0.005,1.0,27.3536,176.3456,325.3376
195,195,200,327.0144,28.992,178.0032,327.0144,480.0,0.005,1.0,27.4944,177.2544,327.0144
196,196,200,328.6912,29.14048,178.91584,328.6912,480.0,0.005,1.0,27.6352,178.1632,328.6912
197,197,200,330.368,29.288959999999996,179.82847999999996,330.368,480.0,0.005,1.0,27.776,179.072,330.368
198,198,200,332.0448,29.437439999999995,180.74112,332.0448,480.0,0.005,1.0,27.9168,179.9808,332.0448
199,199,200,333.7216,29.58592,181.65376,333.7216,480.0,0.005,1.0,28.0576,180.8896,333.7216
200,200,200,335.3984,29.7344,182.5664,335.3984,480.0,0.005,1.0,28.1984,181.7984,335.3984
201,201,200,337.0752,29.88288,183.47904,337.0752,480.0,0.005,1.0,28.3392,182.7072,337.0752
202,202,200,338.752,30.031359999999996,184.39167999999998,338.752,480.0,0.005,1.0,28.48,183.616,338.752
203,203,200,340.4288,30.179839999999995,185.30432,340.4288,480.0,0.005,1.0,28.6208,184.5248,340.4288
204,204,200,342.1056,30.32832,186.21696,342.1056,480.0,0.005,1.0,28.7616,185.4336,342.1056
205,205,200,343.7824,30.4768,187.1296,343.7824,480.0,0.005,1.0,28.9024,186.3424,343.7824
206,206,200,345.4592,30.62528,188.04224,345.4592,480.0,0.005,1.0,29.0432,187.2512,345.4592
207,207,200,347.136,30.773759999999996,188.95487999999997,347.136,480.0,0.005,1.0,29.184,188.16,347.136
208,208,200,348.8128,30.922239999999995,189.86752,348.8128,480.0,0.005,1.0,29.3248,189.0688,348.8128
209,209,200,350.4896,31.07072,190.78016,350.4896,480.0,0.005,1.0,29.4656,189.9776,350.4896
210,210,200,352.1664,31.2192,191.6928,352.1664,480.0,0.005,1.0,29.6064,190.8864,352.1664
211,211,200,353.8432,31.36768,192.60544,353.8432,480.0,0.005,1.0,29.7472,191.7952,353.8432
212,212,200,355.52,31.516159999999996,193.51807999999997,355.52,480.0,0.005,1.0,29.888,192.704,355.52
213,213,200,357.1968,31.664639999999995,194.43072,357.1968,480.0,0.005,1.0,30.0288,193.6128,357.1968
214,214,200,358.8736,31.81312,195.34336,358.8736,480.0,0.005,1.0,30.1696,194.5216,358.8736
215,215,200,360.5504,31.9616,196.256,360.5504,480.0,0.005,1.0,30.3104,195.4304,360.5504
216,216,200,362.2272,32.11008,197.16864,362.2272,480.0,0.005,1.0,30.4512,196.3392,362.2272
217,217,200,363.904,32.258559999999996,198.08127999999996,363.904,480.0,0.005,1.0,30.592,197.248,363.904
218,218,200,365.5808,32.407039999999995,198.99392,365.5808,480.0,0.005,1.0,30.7328,198.1568,365.5808
219,219,200,367.2576,32.55552,199.90656,367.2576,480.0,0.005,1.0,30.8736,199.0656,367.2576
220,220,200,368.9344,32.704,200.8192,368.9344,480.0,0.005,1.0,31.0144,199.9744,368.9344
221,221,200,370.6112,32.85248,201.73184,370.6112,480.0,0.005,1.0,31.1552,200.8832,370.6112
222,222,200,372.288,33.00096,202.64447999999996,372.288,480.0,0.005,1.0,31.296,201.792,372.288
223,223,200,373.9648,33.14944,203.55712,373.9648,480.0,0.005,1.0,31.4368,202.7008,373.9648
224,224,200,375.6416,33.29792,204.46976,375.6416,480.0,0.005,1.0,31.5776,203.6096,375.6416
225,225,200,377.3184,33.4464,205.3824,377.3184,480.0,0.005,1.0,31.7184,204.5184,377.3184
226,226,200,378.9952,33.59488,206.29504,378.9952,480.0,0.005,1.0,31.8592,205.4272,378.9952
227,227,200,380.672,33.74336,207.20767999999998,380.672,480.0,0.005,1.0,32.0,206.336,380.672
228,228,200,382.3488,33.89184,208.12032,382.3488,480.0,0.005,1.0,32.1408,207.2448,382.3488
229,229,200,384.0256,34.04032,209.03296,384.0256,480.0,0.005,1.0,32.2816,208.1536,384.0256
230,230,200,385.7024,34.1888,209.9456,385.7024,480.0,0.005,1.0,32.4224,209.0624,385.7024
231,231,200,387.3792,34.33728,210.85824,387.3792,480.0,0.005,1.0,32.5632,209.9712,387.3792
232,232,200,389.056,34.48576,211.77087999999998,389.056,480.0,0.005,1.0,32.704,210.88,389.056
233,233,200,390.7328,34.63424,212.68351999999996,390.7328,480.0,0.005,1.0,32.8448,211.7888,390.7328
234,234,200,392.4096,34.78272,213.59616,392.4096,480.0,0.005,1.0,32.9856,212.6976,392.4096
235,235,200,394.0864,34.9312,214.5088,394.0864,480.0,0.005,1.0,33.1264,213.6064,394.0864
236,236,200,395.7632,35.07968,215.42144,395.7632,480.0,0.005,1.0,33.2672,214.5152,395.7632
237,237,200,397.44,35.22816,216.33407999999997,397.44,480.0,0.005,1.0,33.408,215.424,397.44
238,238,200,399.1168,35.37664,217.24671999999998,399.1168,480.0,0.005,1.0,33.5488,216.3328,399.1168
239,239,200,400.7936,35.52512,218.15936,400.7936,480.0,0.005,1.0,33.6896,217.2416,400.7936
240,240,200,402.4704,35.6736,219.072,402.4704,480.0,0.005,1.0,33.8304,218.1504,402.4704
241,241,200,404.1472,35.82208,219.98464,404.1472,480.0,0.005,1.0,33.9712,219.0592,404.1472
242,242,200,405.824,35.97056,220.89727999999997,405.824,480.0,0.005,1.0,34.112,219.968,405.824
243,243,200,407.5008,36.11904,221.80991999999998,407.5008,480.0,0.005,1.0,34.2528,220.8768,407.5008
244,244,200,409.1776,36.26752,222.72256,409.1776,480.0,0.005,1.0,34.3936,221.7856,409.1776
245,245,200,410.8544,36.416,223.6352,410.8544,480.0,0.005,1.0,34.5344,222.6944,410.8544
246,246,200,412.5312,36.56448,224.54784,412.5312,480.0,0.005,1.0,34.6752,223.6032,412.5312
247,247,200,414.208,36.71296,225.46047999999996,414.208,480.0,0.005,1.0,34.816,224.512,414.208
248,248,200,415.8848,36.86144,226.37311999999997,415.8848,480.0,0.005,1.0,34.9568,225.4208,415.8848
249,249,200,417.5616,37.00992,227.28576,417.5616,480.0,0.005,1.0,35.0976,226.3296,417.5616
250,250,200,419.2384,37.1584,228.1984,419.2384,480.0,0.005,1.0,35.2384,227.2384,419.2384
251,251,200,420.9152,37.30688,229.11104,420.9152,480.0,0.005,1.0,35.3792,228.1472,420.9152
252,252,200,422.592,37.45536,230.02367999999996,422.592,480.0,0.005,1.0,35.52,229.056,422.592
253,253,200,424.2688,37.60384,230.93631999999997,424.2688,480.0,0.005,1.0,35.6608,229.9648,424.2688
254,254,200,425.9456,37.75232,231.84896,425.9456,480.0,0.005,1.0,35.8016,230.8736,425.9456
255,255,200,427.6224,37.9008,232.7616,427.6224,480.0,0.005,1.0,35.9424,231.7824,427.6224
256,256,200,429.2992,38.04928,233.67424,429.2992,480.0,0.005,1.0,36.0832,232.6912,429.2992
257,257,200,430.976,38.19776,234.58687999999998,430.976,480.0,0.005,1.0,36.224,233.6,430.976
258,258,200,432.6528,38.34624,235.49951999999996,432.6528,480.0,0.005,1.0,36.3648,234.5088,432.6528
259,259,200,434.3296,38.49472,236.41216,434.3296,480.0,0.005,1.0,36.5056,235.4176,434.3296
260,260,200,436.0064,38.6432,237.3248,436.0064,480.0,0.005,1.0,36.6464,236.3264,436.0064
261,261,200,437.6832,38.79168,238.23744,437.6832,480.0,0.005,1.0,36.7872,237.2352,437.6832
262,262,200,439.36,38.94016,239.15007999999997,439.36,480.0,0.005,1.0,36.928,238.144,439.36
263,263,200,441.0368,39.08864,240.06271999999996,441.0368,480.0,0.005,1.0,37.0688,239.0528,441.0368
264,264,200,442.7136,39.23712,240.97536,442.7136,480.0,0.005,1.0,37.2096,239.9616,442.7136
265,265,200,444.3904,39.3856,241.888,444.3904,480.0,0.005,1.0,37.3504,240.8704,444.3904
266,266,200,446.0672,39.53408,242.80064,446.0672,480.0,0.005,1.0,37.4912,241.7792,446.0672
267,267,200,447.744,39.68256,243.71327999999997,447.744,480.0,0.005,1.0,37.632,242.688,447.744
268,268,200,449.4208,39.83104,244.62591999999998,449.4208,480.0,0.005,1.0,37.7728,243.5968,449.4208
269,269,200,451.0976,39.97952,245.53856,451.0976,480.0,0.005,1.0,37.9136,244.5056,451.0976
270,270,200,452.7744,40.128,246.4512,452.7744,480.0,0.005,1.0,38.0544,245.4144,452.7744
271,271,200,454.4512,40.27648,247.36384,454.4512,480.0,0.005,1.0,38.1952,246.3232,454.4512
272,272,200,456.128,40.42496,248.27647999999996,456.128,480.0,0.005,1.0,38.336,247.232,456.128
273,273,200,457.8048,40.57344,249.18911999999997,457.8048,480.0,0.005,1.0,38.4768,248.1408,457.8048
274,274,200,459.4816,40.72192,250.10176,459.4816,480.0,0.005,1.0,38.6176,249.0496,459.4816
275,275,200,461.1584,40.8704,251.0144,461.1584,480.0,0.005,1.0,38.7584,249.9584,461.1584
276,276,200,462.8352,41.01888,251.92704,462.8352,480.0,0.005,1.0,38.8992,250.8672,462.8352
277,277,200,464.512,41.16736,252.83967999999996,464.512,480.0,0.005,1.0,39.04,251.776,464.512
278,278,200,466.1888,41.31584,253.75231999999997,466.1888,480.0,0.005,1.0,39.1808,252.6848,466.1888
279,279,200,467.8656,41.46432,254.66496,467.8656,480.0,0.005,1.0,39.3216,253.5936,467.8656
280,280,200,469.5424,41.6128,255.5776,469.5424,480.0,0.005,1.0,39.4624,254.5024,469.5424
281,281,200,471.2192,41.76128,256.49024,471.2192,480.0,0.005,1.0,39.6032,255.4112,471.2192
282,282,200,472.896,41.90976,257.40288,472.896,480.0,0.005,1.0,39.744,256.32,472.896
283,283,200,474.5728,42.05824,258.31552,474.5728,480.0,0.005,1.0,39.8848,257.2288,474.5728
284,284,200,476.2496,42.20672,259.22816,476.2496,480.0,0.005,1.0,40.0256,258.1376,476.2496
285,285,200,477.9264,42.3552,260.1408,477.9264,480.0,0.005,1.0,40.1664,259.0464,477.9264
286,286,200,479.6032,42.50368,261.05344,479.6032,480.0,0.005,1.0,40.3072,259.9552,479.6032
287,287,200,481.28,42.65216,261.96608,481.28,480.0,0.005,1.0,40.448,260.864,481.28
288,288,200,482.9568,42.80064,262.87872,482.9568,480.0,0.005,1.0,40.5888,261.7728,482.9568
289,289,200,484.6336,42.94912,263.79136,484.6336,480.0,0.005,1.0,40.7296,262.6816,484.6336
290,290,200,486.3104,43.0976,264.704,486.3104,480.0,0.005,1.0,40.8704,263.5904,486.3104
291,291,200,487.9872,43.24608,265.61664,487.9872,480.0,0.005,1.0,41.0112,264.4992,487.9872
292,292,200,489.664,43.39456,266.52927999999997,489.664,480.0,0.005,1.0,41.152,265.408,489.664
293,293,200,491.3408,43.54304,267.44192,491.3408,480.0,0.005,1.0,41.2928,266.3168,491.3408
294,294,200,493.0176,43.69152,268.35456,493.0176,480.0,0.005,1.0,41.4336,267.2256,493.0176
295,295,200,494.6944,43.84,269.2672,494.6944,480.0,0.005,1.0,41.5744,268.1344,494.6944
296,296,200,496.3712,43.98848,270.17984,496.3712,480.0,0.005,1.0,41.7152,269.0432,496.3712
297,297,200,498.048,44.13696,271.09248,498.048,480.0,0.005,1.0,41.856,269.952,498.048
298,298,200,499.7248,44.28544,272.00512,499.7248,480.0,0.005,1.0,41.9968,270.8608,499.7248
299,299,200,501.4016,44.43392,272.91776,501.4016,480.0,0.005,1.0,42.1376,271.7696,501.4016
300,300,200,503.0784,44.5824,273.8304,503.0784,480.0,0.005,1.0,42.2784,272.6784,503.0784
301,301,200,504.7552,44.73088,274.74304,504.7552,480.0,0.005,1.0,42.4192,273.5872,504.7552
302,302,200,506.432,44.87936,275.65568,506.432,480.0,0.005,1.0,42.56,274.496,506.432
303,303,200,508.1088,45.02784,276.56832,508.1088,480.0,0.005,1.0,42.7008,275.4048,508.1088
304,304,200,509.7856,45.17632,277.48096,509.7856,480.0,0.005,1.0,42.8416,276.3136,509.7856
305,305,200,511.4624,45.3248,278.3936,511.4624,480.0,0.005,1.0,42.9824,277.2224,511.4624
306,306,200,513.1392,45.47328,279.30624,513.1392,480.0,0.005,1.0,43.1232,278.1312,513.1392
307,307,200,514.816,45.62176,280.21888,514.816,480.0,0.005,1.0,43.264,279.04,514.816
308,308,200,516.4928,45.77024,281.13152,516.4928,480.0,0.005,1.0,43.4048,279.9488,516.4928
309,309,200,518.1696,45.91872,282.04416,518.1696,480.0,0.005,1.0,43.5456,280.8576,518.1696
310,310,200,519.8464,46.0672,282.9568,519.8464,480.0,0.005,1.0,43.6864,281.7664,519.8464
311,311,200,521.5232,46.21568,283.86944,521.5232,480.0,0.005,1.0,43.8272,282.6752,521.5232
312,312,200,523.2,46.36416,284.78208,523.2,480.0,0.005,1.0,43.968,283.584,523.2
313,313,200,524.8768,46.51264,285.69472,524.8768,480.0,0.005,1.0,44.1088,284.4928,524.8768
314,314,200,526.5536,46.66112,286.60736,526.5536,480.0,0.005,1.0,44.2496,285.4016,526.5536
315,315,200,528.2304,46.8096,287.52,528.2304,480.0,0.005,1.0,44.3904,286.3104,528.2304
316,316,200,529.9072,46.95808,288.43264,529.9072,480.0,0.005,1.0,44.5312,287.2192,529.9072
317,317,200,531.584,47.10656,289.34528,531.584,480.0,0.005,1.0,44.672,288.128,531.584
318,318,200,533.2608,47.25504,290.25792,533.2608,480.0,0.005,1.0,44.8128,289.0368,533.2608
319,319,200,534.9376,47.40352,291.17056,534.9376,480.0,0.005,1.0,44.9536,289.9456,534.9376
320,320,200,536.6144,47.552,292.0832,536.6144,480.0,0.005,1.0,45.0944,290.8544,536.6144
321,321,200,538.2912,47.70048,292.99584,538.2912,480.0,0.005,1.0,45.2352,291.7632,538.2912
322,322,200,539.968,47.84896,293.90848,539.968,480.0,0.005,1.0,45.376,292.672,539.968
323,323,200,541.6448,47.99744,294.82112,541.6448,480.0,0.005,1.0,45.5168,293.5808,541.6448
324,324,200,543.3216,48.14592,295.73376,543.3216,480.0,0.005,1.0,45.6576,294.4896,543.3216
325,325,200,544.9984,48.2944,296.6464,544.9984,480.0,0.005,1.0,45.7984,295.3984,544.9984
326,326,200,546.6752,48.44288,297.55904,546.6752,480.0,0.005,1.0,45.9392,296.3072,546.6752
327,327,200,548.352,48.59136,298.47168,548.352,480.0,0.005,1.0,46.08,297.216,548.352
328,328,200,550.0288,48.73984,299.38432,550.0288,480.0,0.005,1.0,46.2208,298.1248,550.0288
329,329,200,551.7056,48.88832,300.29696,551.7056,480.0,0.005,1.0,46.3616,299.0336,551.7056
330,330,200,553.3824,49.0368,301.2096,553.3824,480.0,0.005,1.0,46.5024,299.9424,553.3824
331,331,200,555.0592,49.18528,302.12224,555.0592,480.0,0.005,1.0,46.6432,300.8512,555.0592
332,332,200,556.736,49.33376,303.03488,556.736,480.0,0.005,1.0,46.784,301.76,556.736
333,333,200,558.4128,49.48224,303.94752,558.4128,480.0,0.005,1.0,46.9248,302.6688,558.4128
334,334,200,560.0896,49.63072,304.86016,560.0896,480.0,0.005,1.0,47.0656,303.5776,560.0896
335,335,200,561.7664,49.7792,305.7728,561.7664,480.0,0.005,1.0,47.2064,304.4864,561.7664
336,336,200,563.4432,49.92768,306.68544,563.4432,480.0,0.005,1.0,47.3472,305.3952,563.4432
337,337,200,565.12,50.07616,307.59808,565.12,480.0,0.005,1.0,47.488,306.304,565.12
338,338,200,566.7968,50.22464,308.51072,566.7968,480.0,0.005,1.0,47.6288,307.2128,566.7968
339,339,200,568.4736,50.37312,309.42336,568.4736,480.0,0.005,1.0,47.7696,308.1216,568.4736
340,340,200,570.1504,50.5216,310.336,570.1504,480.0,0.005,1.0,47.9104,309.0304,570.1504
341,341,200,571.8272,50.67008,311.24864,571.8272,480.0,0.005,1.0,48.0512,309.9392,571.8272
342,342,200,573.504,50.81856,312.16128,573.504,480.0,0.005,1.0,48.192,310.848,573.504
343,343,200,575.1808,50.96704,313.07392,575.1808,480.0,0.005,1.0,48.3328,311.7568,575.1808
344,344,200,576.8576,51.11552,313.98656,576.8576,480.0,0.005,1.0,48.4736,312.6656,576.8576
345,345,200,578.5344,51.264,314.8992,578.5344,480.0,0.005,1.0,48.6144,313.5744,578.5344
346,346,200,580.2112,51.41248,315.81184,580.2112,480.0,0.005,1.0,48.7552,314.4832,580.2112
347,347,200,581.888,51.56096,316.72448,581.888,480.0,0.005,1.0,48.896,315.392,581.888
348,348,200,583.5648,51.70944,317.63712,583.5648,480.0,0.005,1.0,49.0368,316.3008,583.5648
349,349,200,585.2416,51.85792,318.54976,585.2416,480.0,0.005,1.0,49.1776,317.2096,585.2416
350,350,200,586.9184,52.0064,319.4624,586.9184,480.0,0.005,1.0,49.3184,318.1184,586.9184
351,351,200,588.5952,52.15488,320.37504,588.5952,480.0,0.005,1.0,49.4592,319.0272,588.5952
352,352,200,590.272,52.30336,321.28768,590.272,480.0,0.005,1.0,49.6,319.936,590.272
353,353,200,591.9488,52.45183999999999,322.20032,591.9488,480.0,0.005,1.0,49.7408,320.8448,591.9488
354,354,200,593.6256,52.60031999999999,323.11296,593.6256,480.0,0.005,1.0,49.8816,321.7536,593.6256
355,355,200,595.3024,52.7488,324.0256,595.3024,480.0,0.005,1.0,50.0224,322.6624,595.3024
356,356,200,596.9792,52.89728000000001,324.93824,596.9792,480.0,0.005,1.0,50.1632,323.5712,596.9792
357,357,200,598.656,53.04576,325.85088,598.656,480.0,0.005,1.0,50.304,324.48,598.656
358,358,200,600.3328,53.19423999999999,326.76352,600.3328,480.0,0.005,1.0,50.4448,325.3888,600.3328
359,359,200,602.0096,53.34271999999999,327.67616,602.0096,480.0,0.005,1.0,50.5856,326.2976,602.0096
360,360,200,603.6864,53.4912,328.5888,603.6864,480.0,0.005,1.0,50.7264,327.2064,603.6864
361,361,200,605.3632,53.639680000000006,329.50144,605.3632,480.0,0.005,1.0,50.8672,328.1152,605.3632
362,362,200,607.04,53.78816,330.41408,607.04,480.0,0.005,1.0,51.008,329.024,607.04
363,363,200,608.7168,53.93663999999999,331.32672,608.7168,480.0,0.005,1.0,51.1488,329.9328,608.7168
364,364,200,610.3936,54.08511999999999,332.23936,610.3936,480.0,0.005,1.0,51.2896,330.8416,610.3936
365,365,200,612.0704,54.2336,333.152,612.0704,480.0,0.005,1.0,51.4304,331.7504,612.0704
366,366,200,613.7472,54.38208000000001,334.06464,613.7472,480.0,0.005,1.0,51.5712,332.6592,613.7472
367,367,200,615.424,54.53056,334.97728,615.424,480.0,0.005,1.0,51.712,333.568,615.424
368,368,200,617.1008,54.67903999999999,335.88992,617.1008,480.0,0.005,1.0,51.8528,334.4768,617.1008
369,369,200,618.7776,54.82751999999999,336.80256,618.7776,480.0,0.005,1.0,51.9936,335.3856,618.7776
370,370,200,620.4544,54.976,337.7152,620.4544,480.0,0.005,1.0,52.1344,336.2944,620.4544
371,371,200,622.1312,55.12447999999999,338.62784,622.1312,480.0,0.005,1.0,52.2752,337.2032,622.1312
372,372,200,623.808,55.27296,339.54048,623.808,480.0,0.005,1.0,52.416,338.112,623.808
373,373,200,625.4848,55.42144,340.45312,625.4848,480.0,0.005,1.0,52.5568,339.0208,625.4848
374,374,200,627.1616,55.56991999999999,341.36576,627.1616,480.0,0.005,1.0,52.6976,339.9296,627.1616
375,375,200,628.8384,55.7184,342.2784,628.8384,480.0,0.005,1.0,52.8384,340.8384,628.8384
376,376,200,630.5152,55.866879999999995,343.19104,630.5152,480.0,0.005,1.0,52.9792,341.7472,630.5152
377,377,200,632.192,56.01536,344.10368,632.192,480.0,0.005,1.0,53.12,342.656,632.192
378,378,200,633.8688,56.16384,345.01632,633.8688,480.0,0.005,1.0,53.2608,343.5648,633.8688
379,379,200,635.5456,56.31231999999999,345.92896,635.5456,480.0,0.005,1.0,53.4016,344.4736,635.5456
380,380,200,637.2224,56.4608,346.8416,637.2224,480.0,0.005,1.0,53.5424,345.3824,637.2224
381,381,200,638.8992,56.60927999999999,347.75424,638.8992,480.0,0.005,1.0,53.6832,346.2912,638.8992
382,382,200,640.576,56.75776,348.66688,640.576,480.0,0.005,1.0,53.824,347.2,640.576
383,383,200,642.2528,56.90624,349.57952,642.2528,480.0,0.005,1.0,53.9648,348.1088,642.2528
384,384,200,643.9296,57.05471999999999,350.49215999999996,643.9296,480.0,0.005,1.0,54.1056,349.0176,643.9296
385,385,200,645.6064,57.2032,351.4048,645.6064,480.0,0.005,1.0,54.2464,349.9264,645.6064
386,386,200,647.2832,57.351679999999995,352.31744,647.2832,480.0,0.005,1.0,54.3872,350.8352,647.2832
387,387,200,648.96,57.50016,353.23008,648.96,480.0,0.005,1.0,54.528,351.744,648.96
388,388,200,650.6368,57.64864,354.14272,650.6368,480.0,0.005,1.0,54.6688,352.6528,650.6368
389,389,200,652.3136,57.79711999999999,355.05535999999995,652.3136,480.0,0.005,1.0,54.8096,353.5616,652.3136
390,390,200,653.9904,57.9456,355.968,653.9904,480.0,0.005,1.0,54.9504,354.4704,653.9904
391,391,200,655.6672,58.09407999999999,356.88064,655.6672,480.0,0.005,1.0,55.0912,355.3792,655.6672
392,392,200,657.344,58.24256,357.79328,657.344,480.0,0.005,1.0,55.232,356.288,657.344
393,393,200,659.0208,58.39104,358.70592,659.0208,480.0,0.005,1.0,55.3728,357.1968,659.0208
394,394,200,660.6976,58.539519999999996,359.61855999999995,660.6976,480.0,0.005,1.0,55.5136,358.1056,660.6976
395,395,200,662.3744,58.688,360.5312,662.3744,480.0,0.005,1.0,55.6544,359.0144,662.3744
396,396,200,664.0512,58.836479999999995,361.44384,664.0512,480.0,0.005,1.0,55.7952,359.9232,664.0512
397,397,200,665.728,58.98496,362.35648,665.728,480.0,0.005,1.0,55.936,360.832,665.728
398,398,200,667.4048,59.13344,363.26912,667.4048,480.0,0.005,1.0,56.0768,361.7408,667.4048
399,399,200,669.0816,59.28191999999999,364.18175999999994,669.0816,480.0,0.005,1.0,56.2176,362.6496,669.0816
400,400,200,670.7584,59.4304,365.0944,670.7584,480.0,0.005,1.0,56.3584,363.5584,670.7584
401,401,200,672.4352,59.57887999999999,366.00704,672.4352,480.0,0.005,1.0,56.4992,364.4672,672.4352
402,402,200,674.112,59.72736,366.91968,674.112,480.0,0.005,1.0,56.64,365.376,674.112
403,403,200,675.7888,59.87584,367.83232,675.7888,480.0,0.005,1.0,56.7808,366.2848,675.7888
404,404,200,677.4656,60.024319999999996,368.74495999999994,677.4656,480.0,0.005,1.0,56.9216,367.1936,677.4656
405,405,200,679.1424,60.1728,369.6576,679.1424,480.0,0.005,1.0,57.0624,368.1024,679.1424
406,406,200,680.8192,60.321279999999994,370.57024,680.8192,480.0,0.005,1.0,57.2032,369.0112,680.8192
407,407,200,682.496,60.46976,371.48288,682.496,480.0,0.005,1.0,57.344,369.92,682.496
408,408,200,684.1728,60.61824,372.39552,684.1728,480.0,0.005,1.0,57.4848,370.8288,684.1728
409,409,200,685.8496,60.76671999999999,373.30815999999993,685.8496,480.0,0.005,1.0,57.6256,371.7376,685.8496
410,410,200,687.5264,60.9152,374.2208,687.5264,480.0,0.005,1.0,57.7664,372.6464,687.5264
411,411,200,689.2032,61.06367999999999,375.13344,689.2032,480.0,0.005,1.0,57.9072,373.5552,689.2032
412,412,200,690.88,61.21216,376.04608,690.88,480.0,0.005,1.0,58.048,374.464,690.88
413,413,200,692.5568,61.36064,376.95872,692.5568,480.0,0.005,1.0,58.1888,375.3728,692.5568
414,414,200,694.2336,61.509119999999996,377.8713599999999,694.2336,480.0,0.005,1.0,58.3296,376.2816,694.2336
415,415,200,695.9104,61.6576,378.784,695.9104,480.0,0.005,1.0,58.4704,377.1904,695.9104
416,416,200,697.5872,61.806079999999994,379.69664,697.5872,480.0,0.005,1.0,58.6112,378.0992,697.5872
417,417,200,699.264,61.95456,380.60928,699.264,480.0,0.005,1.0,58.752,379.008,699.264
418,418,200,700.9408,62.10304,381.52192,700.9408,480.0,0.005,1.0,58.8928,379.9168,700.9408
419,419,200,702.6176,62.25151999999999,382.4345599999999,702.6176,480.0,0.005,1.0,59.0336,380.8256,702.6176
420,420,200,704.2944,62.4,383.3472,704.2944,480.0,0.005,1.0,59.1744,381.7344,704.2944
421,421,200,705.9712,62.54847999999999,384.25984,705.9712,480.0,0.005,1.0,59.3152,382.6432,705.9712
422,422,200,707.648,62.69696,385.17248,707.648,480.0,0.005,1.0,59.456,383.552,707.648
423,423,200,709.3248,62.84544,386.08512,709.3248,480.0,0.005,1.0,59.5968,384.4608,709.3248
424,424,200,711.0016,62.993919999999996,386.9977599999999,711.0016,480.0,0.005,1.0,59.7376,385.3696,711.0016
425,425,200,712.6784,63.1424,387.9104,712.6784,480.0,0.005,1.0,59.8784,386.2784,712.6784
426,426,200,714.3552,63.290879999999994,388.82304,714.3552,480.0,0.005,1.0,60.0192,387.1872,714.3552
427,427,200,716.032,63.43936,389.73568,716.032,480.0,0.005,1.0,60.16,388.096,716.032
428,428,200,717.7088,63.58784,390.64832,717.7088,480.0,0.005,1.0,60.3008,389.0048,717.7088
429,429,200,719.3856,63.73631999999999,391.56095999999997,719.3856,480.0,0.005,1.0,60.4416,389.9136,719.3856
430,430,200,721.0624,63.8848,392.4736,721.0624,480.0,0.005,1.0,60.5824,390.8224,721.0624
431,431,200,722.7392,64.03327999999999,393.38624,722.7392,480.0,0.005,1.0,60.7232,391.7312,722.7392
432,432,200,724.416,64.18176,394.29888,724.416,480.0,0.005,1.0,60.864,392.64,724.416
433,433,200,726.0928,64.33024,395.21152,726.0928,480.0,0.005,1.0,61.0048,393.5488,726.0928
434,434,200,727.7696,64.47872,396.12415999999996,727.7696,480.0,0.005,1.0,61.1456,394.4576,727.7696
435,435,200,729.4464,64.6272,397.0368,729.4464,480.0,0.005,1.0,61.2864,395.3664,729.4464
436,436,200,731.1232,64.77568,397.94944,731.1232,480.0,0.005,1.0,61.4272,396.2752,731.1232
437,437,200,732.8,64.92416,398.86208,732.8,480.0,0.005,1.0,61.568,397.184,732.8
438,438,200,734.4768,65.07264,399.77472,734.4768,480.0,0.005,1.0,61.7088,398.0928,734.4768
439,439,200,736.1536,65.22112,400.68735999999996,736.1536,480.0,0.005,1.0,61.8496,399.0016,736.1536
440,440,200,737.8304,65.3696,401.6,737.8304,480.0,0.005,1.0,61.9904,399.9104,737.8304
441,441,200,739.5072,65.51808,402.51264,739.5072,480.0,0.005,1.0,62.1312,400.8192,739.5072
442,442,200,741.184,65.66656,403.42528,741.184,480.0,0.005,1.0,62.272,401.728,741.184
443,443,200,742.8608,65.81504,404.33792,742.8608,480.0,0.005,1.0,62.4128,402.6368,742.8608
444,444,200,744.5376,65.96351999999999,405.25055999999995,744.5376,480.0,0.005,1.0,62.5536,403.5456,744.5376
445,445,200,746.2144,66.112,406.1632,746.2144,480.0,0.005,1.0,62.6944,404.4544,746.2144
446,446,200,747.8912,66.26047999999999,407.07584,747.8912,480.0,0.005,1.0,62.8352,405.3632,747.8912
447,447,200,749.568,66.40896,407.98848,749.568,480.0,0.005,1.0,62.976,406.272,749.568
448,448,200,751.2448,66.55744,408.90112,751.2448,480.0,0.005,1.0,63.1168,407.1808,751.2448
449,449,200,752.9216,66.70591999999999,409.81375999999995,752.9216,480.0,0.005,1.0,63.2576,408.0896,752.9216
450,450,200,754.5984,66.8544,410.7264,754.5984,480.0,0.005,1.0,63.3984,408.9984,754.5984
451,451,200,756.2752,67.00287999999999,411.63904,756.2752,480.0,0.005,1.0,63.5392,409.9072,756.2752
452,452,200,757.952,67.15136,412.55168,757.952,480.0,0.005,1.0,63.68,410.816,757.952
453,453,200,759.6288,67.29984,413.46432,759.6288,480.0,0.005,1.0,63.8208,411.7248,759.6288
454,454,200,761.3056,67.44832,414.37695999999994,761.3056,480.0,0.005,1.0,63.9616,412.6336,761.3056
455,455,200,762.9824,67.5968,415.2896,762.9824,480.0,0.005,1.0,64.1024,413.5424,762.9824
456,456,200,764.6592,67.74528,416.20224,764.6592,480.0,0.005,1.0,64.2432,414.4512,764.6592
457,457,200,766.336,67.89376,417.11488,766.336,480.0,0.005,1.0,64.384,415.36,766.336
458,458,200,768.0128,68.04224,418.02752,768.0128,480.0,0.005,1.0,64.5248,416.2688,768.0128
459,459,200,769.6896,68.19072,418.94015999999993,769.6896,480.0,0.005,1.0,64.6656,417.1776,769.6896
460,460,200,771.3664,68.3392,419.8528,771.3664,480.0,0.005,1.0,64.8064,418.0864,771.3664
461,461,200,773.0432,68.48768,420.76544000000007,773.0432,480.0,0.005,1.0,64.9472,418.9952,773.0432
462,462,200,774.72,68.63616,421.67808,774.72,480.0,0.005,1.0,65.088,419.904,774.72
463,463,200,776.3968,68.78464,422.59072,776.3968,480.0,0.005,1.0,65.2288,420.8128,776.3968
464,464,200,778.0736,68.93312,423.50335999999993,778.0736,480.0,0.005,1.0,65.3696,421.7216,778.0736
465,465,200,779.7504,69.0816,424.416,779.7504,480.0,0.005,1.0,65.5104,422.6304,779.7504
466,466,200,781.4272,69.23008,425.32863999999995,781.4272,480.0,0.005,1.0,65.6512,423.5392,781.4272
467,467,200,783.104,69.37856,426.24128,783.104,480.0,0.005,1.0,65.792,424.448,783.104
468,468,200,784.7808,69.52704,427.15392,784.7808,480.0,0.005,1.0,65.9328,425.3568,784.7808
469,469,200,786.4576,69.67552,428.0665599999999,786.4576,480.0,0.005,1.0,66.0736,426.2656,786.4576
470,470,200,788.1344,69.824,428.9792,788.1344,480.0,0.005,1.0,66.2144,427.1744,788.1344
471,471,200,789.8112,69.97248,429.89183999999995,789.8112,480.0,0.005,1.0,66.3552,428.0832,789.8112
472,472,200,791.488,70.12096,430.80448,791.488,480.0,0.005,1.0,66.496,428.992,791.488
473,473,200,793.1648,70.26944,431.71712,793.1648,480.0,0.005,1.0,66.6368,429.9008,793.1648
474,474,200,794.8416,70.41792,432.6297599999999,794.8416,480.0,0.005,1.0,66.7776,430.8096,794.8416
475,475,200,796.5184,70.5664,433.5424,796.5184,480.0,0.005,1.0,66.9184,431.7184,796.5184
476,476,200,798.1952,70.71488,434.45503999999994,798.1952,480.0,0.005,1.0,67.0592,432.6272,798.1952
477,477,200,799.872,70.86336,435.36768,799.872,480.0,0.005,1.0,67.2,433.536,799.872
478,478,200,801.5488,71.01184,436.28032,801.5488,480.0,0.005,1.0,67.3408,434.4448,801.5488
479,479,200,803.2256,71.16032,437.1929599999999,803.2256,480.0,0.005,1.0,67.4816,435.3536,803.2256
480,480,200,804.9024,71.3088,438.1056,804.9024,480.0,0.005,1.0,67.6224,436.2624,804.9024
481,481,200,806.5792,71.45728,439.01823999999993,806.5792,480.0,0.005,1.0,67.7632,437.1712,806.5792
482,482,200,808.256,71.60576,439.93088,808.256,480.0,0.005,1.0,67.904,438.08,808.256
483,483,200,809.9328,71.75424,440.84352,809.9328,480.0,0.005,1.0,68.0448,438.9888,809.9328
484,484,200,811.6096,71.90272,441.75615999999997,811.6096,480.0,0.005,1.0,68.1856,439.8976,811.6096
485,485,200,813.2864,72.0512,442.6688,813.2864,480.0,0.005,1.0,68.3264,440.8064,813.2864
486,486,200,814.9632,72.19968,443.58143999999993,814.9632,480.0,0.005,1.0,68.4672,441.7152,814.9632
487,487,200,816.64,72.34816,444.49408,816.64,480.0,0.005,1.0,68.608,442.624,816.64
488,488,200,818.3168,72.49664,445.40672,818.3168,480.0,0.005,1.0,68.7488,443.5328,818.3168
489,489,200,819.9936,72.64512,446.31935999999996,819.9936,480.0,0.005,1.0,68.8896,444.4416,819.9936
490,490,200,821.6704,72.7936,447.232,821.6704,480.0,0.005,1.0,69.0304,445.3504,821.6704
491,491,200,823.3472,72.94208,448.1446399999999,823.3472,480.0,0.005,1.0,69.1712,446.2592,823.3472
492,492,200,825.024,73.09056,449.05728,825.024,480.0,0.005,1.0,69.312,447.168,825.024
493,493,200,826.7008,73.23904,449.96992,826.7008,480.0,0.005,1.0,69.4528,448.0768,826.7008
494,494,200,828.3776,73.38752,450.88255999999996,828.3776,480.0,0.005,1.0,69.5936,448.9856,828.3776
495,495,200,830.0544,73.536,451.7952,830.0544,480.0,0.005,1.0,69.7344,449.8944,830.0544
496,496,200,831.7312,73.68448,452.7078399999999,831.7312,480.0,0.005,1.0,69.8752,450.8032,831.7312
497,497,200,833.408,73.83296,453.62048,833.408,480.0,0.005,1.0,70.016,451.712,833.408
498,498,200,835.0848,73.98144,454.53312,835.0848,480.0,0.005,1.0,70.1568,452.6208,835.0848
499,499,200,836.7616,74.12992,455.44575999999995,836.7616,480.0,0.005,1.0,70.2976,453.5296,836.7616
500,500,200,838.4384,74.2784,456.3584,838.4384,480.0,0.005,1.0,70.4384,454.4384,838.4384
501,501,200,840.1152,74.42688,457.2710399999999,840.1152,480.0,0.005,1.0,70.5792,455.3472,840.1152
502,502,200,841.792,74.57536,458.18368,841.792,480.0,0.005,1.0,70.72,456.256,841.792
503,503,200,843.4688,74.72384,459.09632,843.4688,480.0,0.005,1.0,70.8608,457.1648,843.4688
504,504,200,845.1456,74.87232,460.00895999999995,845.1456,480.0,0.005,1.0,71.0016,458.0736,845.1456
505,505,200,846.8224,75.0208,460.9216,846.8224,480.0,0.005,1.0,71.1424,458.9824,846.8224
506,506,200,848.4992,75.16928,461.83423999999997,848.4992,480.0,0.005,1.0,71.2832,459.8912,848.4992
507,507,200,850.176,75.31776,462.74688,850.176,480.0,0.005,1.0,71.424,460.8,850.176
508,508,200,851.8528,75.46624,463.65952,851.8528,480.0,0.005,1.0,71.5648,461.7088,851.8528
509,509,200,853.5296,75.61472,464.57215999999994,853.5296,480.0,0.005,1.0,71.7056,462.6176,853.5296
510,510,200,855.2064,75.7632,465.4848,855.2064,480.0,0.005,1.0,71.8464,463.5264,855.2064
511,511,200,856.8832,75.91168,466.39743999999996,856.8832,480.0,0.005,1.0,71.9872,464.4352,856.8832
512,512,200,858.56,76.06016,467.31008,858.56,480.0,0.005,1.0,72.128,465.344,858.56
513,513,200,860.2368,76.20864,468.22272,860.2368,480.0,0.005,1.0,72.2688,466.2528,860.2368
514,514,200,861.9136,76.35712,469.13535999999993,861.9136,480.0,0.005,1.0,72.4096,467.1616,861.9136
515,515,200,863.5904,76.5056,470.048,863.5904,480.0,0.005,1.0,72.5504,468.0704,863.5904
516,516,200,865.2672,76.65408,470.96063999999996,865.2672,480.0,0.005,1.0,72.6912,468.9792,865.2672
517,517,200,866.944,76.80256,471.87328,866.944,480.0,0.005,1.0,72.832,469.888,866.944
518,518,200,868.6208,76.95104,472.78592,868.6208,480.0,0.005,1.0,72.9728,470.7968,868.6208
519,519,200,870.2976,77.09952,473.69855999999993,870.2976,480.0,0.005,1.0,73.1136,471.7056,870.2976
520,520,200,871.9744,77.248,474.6112,871.9744,480.0,0.005,1.0,73.2544,472.6144,871.9744
521,521,200,873.6512,77.39648,475.52383999999995,873.6512,480.0,0.005,1.0,73.3952,473.5232,873.6512
522,522,200,875.328,77.54496,476.43648,875.328,480.0,0.005,1.0,73.536,474.432,875.328
523,523,200,877.0048,77.69344,477.34912,877.0048,480.0,0.005,1.0,73.6768,475.3408,877.0048
524,524,200,878.6816,77.84192,478.2617599999999,878.6816,480.0,0.005,1.0,73.8176,476.2496,878.6816
525,525,200,880.3584,77.9904,479.1744,880.3584,480.0,0.005,1.0,73.9584,477.1584,880.3584
526,526,200,882.0352,78.13888,480.08703999999994,882.0352,480.0,0.005,1.0,74.0992,478.0672,882.0352
527,527,200,883.712,78.28736,480.99968,883.712,480.0,0.005,1.0,74.24,478.976,883.712
528,528,200,885.3888,78.43584,481.91232,885.3888,480.0,0.005,1.0,74.3808,479.8848,885.3888
529,529,200,887.0656,78.58432,482.8249599999999,887.0656,480.0,0.005,1.0,74.5216,480.7936,887.0656
530,530,200,888.7424,78.7328,483.7376,888.7424,480.0,0.005,1.0,74.6624,481.7024,888.7424
531,531,200,890.4192,78.88128,484.65023999999994,890.4192,480.0,0.005,1.0,74.8032,482.6112,890.4192
532,532,200,892.096,79.02976,485.56288,892.096,480.0,0.005,1.0,74.944,483.52,892.096
533,533,200,893.7728,79.17824,486.47552,893.7728,480.0,0.005,1.0,75.0848,484.4288,893.7728
534,534,200,895.4496,79.32672,487.3881599999999,895.4496,480.0,0.005,1.0,75.2256,485.3376,895.4496
535,535,200,897.1264,79.4752,488.3008,897.1264,480.0,0.005,1.0,75.3664,486.2464,897.1264
536,536,200,898.8032,79.62368,489.21343999999993,898.8032,480.0,0.005,1.0,75.5072,487.1552,898.8032
537,537,200,900.48,79.77216,490.12608,900.48,480.0,0.005,1.0,75.648,488.064,900.48
538,538,200,902.1568,79.92064,491.03872,902.1568,480.0,0.005,1.0,75.7888,488.9728,902.1568
539,539,200,903.8336,80.06912,491.95135999999997,903.8336,480.0,0.005,1.0,75.9296,489.8816,903.8336
540,540,200,905.5104,80.2176,492.864,905.5104,480.0,0.005,1.0,76.0704,490.7904,905.5104
541,541,200,907.1872,80.36608,493.77663999999993,907.1872,480.0,0.005,1.0,76.2112,491.6992,907.1872
542,542,200,908.864,80.51456,494.68928,908.864,480.0,0.005,1.0,76.352,492.608,908.864
543,543,200,910.5408,80.66304,495.60192,910.5408,480.0,0.005,1.0,76.4928,493.5168,910.5408
544,544,200,912.2176,80.81152,496.51455999999996,912.2176,480.0,0.005,1.0,76.6336,494.4256,912.2176
545,545,200,913.8944,80.96,497.4272,913.8944,480.0,0.005,1.0,76.7744,495.3344,913.8944
546,546,200,915.5712,81.10848,498.3398399999999,915.5712,480.0,0.005,1.0,76.9152,496.2432,915.5712
547,547,200,917.248,81.25696,499.25248,917.248,480.0,0.005,1.0,77.056,497.152,917.248
548,548,200,918.9248,81.40544,500.16512,918.9248,480.0,0.005,1.0,77.1968,498.0608,918.9248
549,549,200,920.6016,81.55392,501.07775999999996,920.6016,480.0,0.005,1.0,77.3376,498.9696,920.6016
550,550,200,922.2784,81.7024,501.9904,922.2784,480.0,0.005,1.0,77.4784,499.8784,922.2784
551,551,200,923.9552,81.85088,502.9030399999999,923.9552,480.0,0.005,1.0,77.6192,500.7872,923.9552
552,552,200,925.632,81.99936,503.81568,925.632,480.0,0.005,1.0,77.76,501.696,925.632
553,553,200,927.3088,82.14784,504.72832,927.3088,480.0,0.005,1.0,77.9008,502.6048,927.3088
554,554,200,928.9856,82.29632,505.64095999999995,928.9856,480.0,0.005,1.0,78.0416,503.5136,928.9856
555,555,200,930.6624,82.4448,506.5536,930.6624,480.0,0.005,1.0,78.1824,504.4224,930.6624
556,556,200,932.3392,82.59328,507.4662399999999,932.3392,480.0,0.005,1.0,78.3232,505.3312,932.3392
557,557,200,934.016,82.74176,508.37888,934.016,480.0,0.005,1.0,78.464,506.24,934.016
558,558,200,935.6928,82.89024,509.29152,935.6928,480.0,0.005,1.0,78.6048,507.1488,935.6928
559,559,200,937.3696,83.03872,510.20415999999994,937.3696,480.0,0.005,1.0,78.7456,508.0576,937.3696
560,560,200,939.0464,83.1872,511.1168,939.0464,480.0,0.005,1.0,78.8864,508.9664,939.0464
561,561,200,940.7232,83.33568,512.0294399999999,940.7232,480.0,0.005,1.0,79.0272,509.8752,940.7232
562,562,200,942.4,83.48416,512.94208,942.4,480.0,0.005,1.0,79.168,510.784,942.4
563,563,200,944.0768,83.63264,513.85472,944.0768,480.0,0.005,1.0,79.3088,511.6928,944.0768
564,564,200,945.7536,83.78112,514.7673599999999,945.7536,480.0,0.005,1.0,79.4496,512.6016,945.7536
565,565,200,947.4304,83.9296,515.68,947.4304,480.0,0.005,1.0,79.5904,513.5104,947.4304
566,566,200,949.1072,84.07808,516.59264,949.1072,480.0,0.005,1.0,79.7312,514.4192,949.1072
567,567,200,950.784,84.22656,517.50528,950.784,480.0,0.005,1.0,79.872,515.328,950.784
568,568,200,952.4608,84.37504,518.41792,952.4608,480.0,0.005,1.0,80.0128,516.2368,952.4608
569,569,200,954.1376,84.52352,519.33056,954.1376,480.0,0.005,1.0,80.1536,517.1456,954.1376
570,570,200,955.8144,84.672,520.2432,955.8144,480.0,0.005,1.0,80.2944,518.0544,955.8144
571,571,200,957.4912,84.82048,521.1558399999999,957.4912,480.0,0.005,1.0,80.4352,518.9632,957.4912
572,572,200,959.168,84.96896,522.06848,959.168,480.0,0.005,1.0,80.576,519.872,959.168
573,573,200,960.8448,85.11744,522.98112,960.8448,480.0,0.005,1.0,80.7168,520.7808,960.8448
574,574,200,962.5216,85.26592,523.8937599999999,962.5216,480.0,0.005,1.0,80.8576,521.6896,962.5216
575,575,200,964.1984,85.4144,524.8064,964.1984,480.0,0.005,1.0,80.9984,522.5984,964.1984
576,576,200,965.8752,85.56288,525.71904,965.8752,480.0,0.005,1.0,81.1392,523.5072,965.8752
577,577,200,967.552,85.71136,526.63168,967.552,480.0,0.005,1.0,81.28,524.416,967.552
578,578,200,969.2288,85.85984,527.54432,969.2288,480.0,0.005,1.0,81.4208,525.3248,969.2288
579,579,200,970.9056,86.00832,528.45696,970.9056,480.0,0.005,1.0,81.5616,526.2336,970.9056
580,580,200,972.5824,86.1568,529.3696,972.5824,480.0,0.005,1.0,81.7024,527.1424,972.5824
581,581,200,974.2592,86.30528,530.2822399999999,974.2592,480.0,0.005,1.0,81.8432,528.0512,974.2592
582,582,200,975.936,86.45376,531.19488,975.936,480.0,0.005,1.0,81.984,528.96,975.936
583,583,200,977.6128,86.60224,532.10752,977.6128,480.0,0.005,1.0,82.1248,529.8688,977.6128
584,584,200,979.2896,86.75072,533.0201599999999,979.2896,480.0,0.005,1.0,82.2656,530.7776,979.2896
585,585,200,980.9664,86.8992,533.9328,980.9664,480.0,0.005,1.0,82.4064,531.6864,980.9664
586,586,200,982.6432,87.04768,534.8454399999999,982.6432,480.0,0.005,1.0,82.5472,532.5952,982.6432
587,587,200,984.32,87.19616,535.75808,984.32,480.0,0.005,1.0,82.688,533.504,984.32
588,588,200,985.9968,87.34464,536.67072,985.9968,480.0,0.005,1.0,82.8288,534.4128,985.9968
589,589,200,987.6736,87.49312,537.58336,987.6736,480.0,0.005,1.0,82.9696,535.3216,987.6736
590,590,200,989.3504,87.6416,538.496,989.3504,480.0,0.005,1.0,83.1104,536.2304,989.3504
591,591,200,991.0272,87.79008,539.40864,991.0272,480.0,0.005,1.0,83.2512,537.1392,991.0272
592,592,200,992.704,87.93856,540.32128,992.704,480.0,0.005,1.0,83.392,538.048,992.704
593,593,200,994.3808,88.08704,541.23392,994.3808,480.0,0.005,1.0,83.5328,538.9568,994.3808
594,594,200,996.0576,88.23552,542.14656,996.0576,480.0,0.005,1.0,83.6736,539.8656,996.0576
595,595,200,997.7344,88.384,543.0592,997.7344,480.0,0.005,1.0,83.8144,540.7744,997.7344
596,596,200,999.4112,88.53248,543.97184,999.4112,480.0,0.005,1.0,83.9552,541.6832,999.4112
597,597,200,1001.088,88.68096,544.88448,1001.088,480.0,0.005,1.0,84.096,542.592,1001.088
598,598,200,1002.7648,88.82944,545.79712,1002.7648,480.0,0.005,1.0,84.2368,543.5008,1002.7648
599,599,200,1004.4416,88.97792,546.70976,1004.4416,480.0,0.005,1.0,84.3776,544.4096,1004.4416
600,600,200,1006.1184,89.1264,547.6224,1006.1184,480.0,0.005,1.0,84.5184,545.3184,1006.1184
601,601,200,1007.7952,89.27488,548.53504,1007.7952,480.0,0.005,1.0,84.6592,546.2272,1007.7952
602,602,200,1009.472,89.42336,549.44768,1009.472,480.0,0.005,1.0,84.8,547.136,1009.472
603,603,200,1011.1488,89.57184,550.36032,1011.1488,480.0,0.005,1.0,84.9408,548.0448,1011.1488
604,604,200,1012.8256,89.72032,551.27296,1012.8256,480.0,0.005,1.0,85.0816,548.9536,1012.8256
605,605,200,1014.5024,89.8688,552.1856,1014.5024,480.0,0.005,1.0,85.2224,549.8624,1014.5024
606,606,200,1016.1792,90.01728,553.09824,1016.1792,480.0,0.005,1.0,85.3632,550.7712,1016.1792
607,607,200,1017.856,90.16576,554.01088,1017.856,480.0,0.005,1.0,85.504,551.68,1017.856
608,608,200,1019.5328,90.31424,554.92352,1019.5328,480.0,0.005,1.0,85.6448,552.5888,1019.5328
609,609,200,1021.2096,90.46272,555.83616,1021.2096,480.0,0.005,1.0,85.7856,553.4976,1021.2096
610,610,200,1022.8864,90.6112,556.7488,1022.8864,480.0,0.005,1.0,85.9264,554.4064,1022.8864
611,611,200,1024.5632,90.75968,557.66144,1024.5632,480.0,0.005,1.0,86.0672,555.3152,1024.5632
612,612,200,1026.24,90.90816,558.57408,1026.24,480.0,0.005,1.0,86.208,556.224,1026.24
613,613,200,1027.9168,91.05664,559.48672,1027.9168,480.0,0.005,1.0,86.3488,557.1328,1027.9168
614,614,200,1029.5936,91.20512,560.39936,1029.5936,480.0,0.005,1.0,86.4896,558.0416,1029.5936
615,615,200,1031.2704,91.3536,561.312,1031.2704,480.0,0.005,1.0,86.6304,558.9504,1031.2704
616,616,200,1032.9472,91.50208,562.22464,1032.9472,480.0,0.005,1.0,86.7712,559.8592,1032.9472
617,617,200,1034.624,91.65056,563.13728,1034.624,480.0,0.005,1.0,86.912,560.768,1034.624
618,618,200,1036.3008,91.79904,564.04992,1036.3008,480.0,0.005,1.0,87.0528,561.6768,1036.3008
619,619,200,1037.9776,91.94752,564.96256,1037.9776,480.0,0.005,1.0,87.1936,562.5856,1037.9776
620,620,200,1039.6544,92.096,565.8752,1039.6544,480.0,0.005,1.0,87.3344,563.4944,1039.6544
621,621,200,1041.3312,92.24448,566.78784,1041.3312,480.0,0.005,1.0,87.4752,564.4032,1041.3312
622,622,200,1043.008,92.39296,567.70048,1043.008,480.0,0.005,1.0,87.616,565.312,1043.008
623,623,200,1044.6848,92.54144,568.61312,1044.6848,480.0,0.005,1.0,87.7568,566.2208,1044.6848
624,624,200,1046.3616,92.68992,569.52576,1046.3616,480.0,0.005,1.0,87.8976,567.1296,1046.3616
625,625,200,1048.0384,92.8384,570.4384,1048.0384,480.0,0.005,1.0,88.0384,568.0384,1048.0384
626,626,200,1049.7152,92.98688,571.35104,1049.7152,480.0,0.005,1.0,88.1792,568.9472,1049.7152
627,627,200,1051.392,93.13536,572.26368,1051.392,480.0,0.005,1.0,88.32,569.856,1051.392
628,628,200,1053.0688,93.28384,573.17632,1053.0688,480.0,0.005,1.0,88.4608,570.7648,1053.0688
629,629,200,1054.7456,93.43232,574.08896,1054.7456,480.0,0.005,1.0,88.6016,571.6736,1054.7456
630,630,200,1056.4224,93.5808,575.0016,1056.4224,480.0,0.005,1.0,88.7424,572.5824,1056.4224
631,631,200,1058.0992,93.72928,575.91424,1058.0992,480.0,0.005,1.0,88.8832,573.4912,1058.0992
632,632,200,1059.776,93.87776,576.82688,1059.776,480.0,0.005,1.0,89.024,574.4,1059.776
633,633,200,1061.4528,94.02624,577.73952,1061.4528,480.0,0.005,1.0,89.1648,575.3088,1061.4528
634,634,200,1063.1296,94.17472,578.65216,1063.1296,480.0,0.005,1.0,89.3056,576.2176,1063.1296
635,635,200,1064.8064,94.3232,579.5648,1064.8064,480.0,0.005,1.0,89.4464,577.1264,1064.8064
636,636,200,1066.4832,94.47168,580.47744,1066.4832,480.0,0.005,1.0,89.5872,578.0352,1066.4832
637,637,200,1068.16,94.62016,581.39008,1068.16,480.0,0.005,1.0,89.728,578.944,1068.16
638,638,200,1069.8368,94.76864,582.30272,1069.8368,480.0,0.005,1.0,89.8688,579.8528,1069.8368
639,639,200,1071.5136,94.91712,583.21536,1071.5136,480.0,0.005,1.0,90.0096,580.7616,1071.5136
640,640,200,1073.1904,95.0656,584.128,1073.1904,480.0,0.005,1.0,90.1504,581.6704,1073.1904
641,641,200,1074.8672,95.21408,585.04064,1074.8672,480.0,0.005,1.0,90.2912,582.5792,1074.8672
642,642,200,1076.544,95.36256,585.95328,1076.544,480.0,0.005,1.0,90.432,583.488,1076.544
643,643,200,1078.2208,95.51104,586.86592,1078.2208,480.0,0.005,1.0,90.5728,584.3968,1078.2208
644,644,200,1079.8976,95.65952,587.77856,1079.8976,480.0,0.005,1.0,90.7136,585.3056,1079.8976
645,645,200,1081.5744,95.808,588.6912,1081.5744,480.0,0.005,1.0,90.8544,586.2144,1081.5744
646,646,200,1083.2512,95.95648,589.60384,1083.2512,480.0,0.005,1.0,90.9952,587.1232,1083.2512
647,647,200,1084.928,96.10496,590.51648,1084.928,480.0,0.005,1.0,91.136,588.032,1084.928
648,648,200,1086.6048,96.25344,591.42912,1086.6048,480.0,0.005,1.0,91.2768,588.9408,1086.6048
649,649,200,1088.2816,96.40192,592.34176,1088.2816,480.0,0.005,1.0,91.4176,589.8496,1088.2816
650,650,200,1089.9584,96.5504,593.2544,1089.9584,480.0,0.005,1.0,91.5584,590.7584,1089.9584
651,651,200,1091.6352,96.69888,594.16704,1091.6352,480.0,0.005,1.0,91.6992,591.6672,1091.6352
652,652,200,1093.312,96.84736,595.07968,1093.312,480.0,0.005,1.0,91.84,592.576,1093.312
653,653,200,1094.9888,96.99584,595.99232,1094.9888,480.0,0.005,1.0,91.9808,593.4848,1094.9888
654,654,200,1096.6656,97.14432,596.90496,1096.6656,480.0,0.005,1.0,92.1216,594.3936,1096.6656
655,655,200,1098.3424,97.2928,597.8176,1098.3424,480.0,0.005,1.0,92.2624,595.3024,1098.3424
656,656,200,1100.0192,97.44128,598.73024,1100.0192,480.0,0.005,1.0,92.4032,596.2112,1100.0192
657,657,200,1101.696,97.58976,599.64288,1101.696,480.0,0.005,1.0,92.544,597.12,1101.696
658,658,200,1103.3728,97.73824,600.55552,1103.3728,480.0,0.005,1.0,92.6848,598.0288,1103.3728
659,659,200,1105.0496,97.88672,601.46816,1105.0496,480.0,0.005,1.0,92.8256,598.9376,1105.0496
660,660,200,1106.7264,98.0352,602.3808,1106.7264,480.0,0.005,1.0,92.9664,599.8464,1106.7264
661,661,200,1108.4032,98.18368,603.29344,1108.4032,480.0,0.005,1.0,93.1072,600.7552,1108.4032
662,662,200,1110.08,98.33216,604.20608,1110.08,480.0,0.005,1.0,93.248,601.664,1110.08
663,663,200,1111.7568,98.48064,605.11872,1111.7568,480.0,0.005,1.0,93.3888,602.5728,1111.7568
664,664,200,1113.4336,98.62912,606.03136,1113.4336,480.0,0.005,1.0,93.5296,603.4816,1113.4336
665,665,200,1115.1104,98.7776,606.944,1115.1104,480.0,0.005,1.0,93.6704,604.3904,1115.1104
666,666,200,1116.7872,98.92608,607.85664,1116.7872,480.0,0.005,1.0,93.8112,605.2992,1116.7872
667,667,200,1118.464,99.07456,608.76928,1118.464,480.0,0.005,1.0,93.952,606.208,1118.464
668,668,200,1120.1408,99.22304,609.68192,1120.1408,480.0,0.005,1.0,94.0928,607.1168,1120.1408
669,669,200,1121.8176,99.37152,610.59456,1121.8176,480.0,0.005,1.0,94.2336,608.0256,1121.8176
670,670,200,1123.4944,99.52,611.5072,1123.4944,480.0,0.005,1.0,94.3744,608.9344,1123.4944
671,671,200,1125.1712,99.66848,612.41984,1125.1712,480.0,0.005,1.0,94.5152,609.8432,1125.1712
672,672,200,1126.848,99.81696,613.33248,1126.848,480.0,0.005,1.0,94.656,610.752,1126.848
673,673,200,1128.5248,99.96544,614.24512,1128.5248,480.0,0.005,1.0,94.7968,611.6608,1128.5248
674,674,200,1130.2016,100.11392,615.15776,1130.2016,480.0,0.005,1.0,94.9376,612.5696,1130.2016
675,675,200,1131.8784,100.2624,616.0704,1131.8784,480.0,0.005,1.0,95.0784,613.4784,1131.8784
676,676,200,1133.5552,100.41088,616.98304,1133.5552,480.0,0.005,1.0,95.2192,614.3872,1133.5552
677,677,200,1135.232,100.55936,617.89568,1135.232,480.0,0.005,1.0,95.36,615.296,1135.232
678,678,200,1136.9088,100.70784,618.80832,1136.9088,480.0,0.005,1.0,95.5008,616.2048,1136.9088
679,679,200,1138.5856,100.85632,619.72096,1138.5856,480.0,0.005,1.0,95.6416,617.1136,1138.5856
680,680,200,1140.2624,101.0048,620.6336,1140.2624,480.0,0.005,1.0,95.7824,618.0224,1140.2624
681,681,200,1141.9392,101.15328,621.54624,1141.9392,480.0,0.005,1.0,95.9232,618.9312,1141.9392
682,682,200,1143.616,101.30176,622.45888,1143.616,480.0,0.005,1.0,96.064,619.84,1143.616
683,683,200,1145.2928,101.45024,623.37152,1145.2928,480.0,0.005,1.0,96.2048,620.7488,1145.2928
684,684,200,1146.9696,101.59872,624.28416,1146.9696,480.0,0.005,1.0,96.3456,621.6576,1146.9696
685,685,200,1148.6464,101.7472,625.1968,1148.6464,480.0,0.005,1.0,96.4864,622.5664,1148.6464
686,686,200,1150.3232,101.89568,626.10944,1150.3232,480.0,0.005,1.0,96.6272,623.4752,1150.3232
687,687,200,1152.0,102.04416,627.02208,1152.0,480.0,0.005,1.0,96.768,624.384,1152.0
688,688,200,1153.6768,102.19264,627.93472,1153.6768,480.0,0.005,1.0,96.9088,625.2928,1153.6768
689,689,200,1155.3536,102.34112,628.84736,1155.3536,480.0,0.005,1.0,97.0496,626.2016,1155.3536
690,690,200,1157.0304,102.4896,629.76,1157.0304,480.0,0.005,1.0,97.1904,627.1104,1157.0304
691,691,200,1158.7072,102.63808,630.67264,1158.7072,480.0,0.005,1.0,97.3312,628.0192,1158.7072
692,692,200,1160.384,102.78656,631.58528,1160.384,480.0,0.005,1.0,97.472,628.928,1160.384
693,693,200,1162.0608,102.93504,632.49792,1162.0608,480.0,0.005,1.0,97.6128,629.8368,1162.0608
694,694,200,1163.7376,103.08352,633.41056,1163.7376,480.0,0.005,1.0,97.7536,630.7456,1163.7376
695,695,200,1165.4144,103.232,634.3232,1165.4144,480.0,0.005,1.0,97.8944,631.6544,1165.4144
696,696,200,1167.0912,103.38048,635.23584,1167.0912,480.0,0.005,1.0,98.0352,632.5632,1167.0912
697,697,200,1168.768,103.52896,636.14848,1168.768,480.0,0.005,1.0,98.176,633.472,1168.768
698,698,200,1170.4448,103.67744,637.06112,1170.4448,480.0,0.005,1.0,98.3168,634.3808,1170.4448
699,699,200,1172.1216,103.82592,637.97376,1172.1216,480.0,0.005,1.0,98.4576,635.2896,1172.1216
700,700,200,1173.7984,103.9744,638.8864,1173.7984,480.0,0.005,1.0,98.5984,636.1984,1173.7984
