run_id,file_name,old_path,new_path,old_relative_path,new_relative_path,bytes,sha256,source_review,file_kind
20260907_050453_154588,mul1_length_over_time.png,D:\study\programming\ESKIN\E-SKIN\docs\Final\data scalability\data\20260907_050453_154588\mul1_length_over_time.png,D:\study\programming\ESKIN\E-SKIN\docs\Final\data scalability\data\DELTA\Dynamic_load\N=1\200Hz\M1\Large_area\Batch_20260907_050453_154588\Repeat_1\mul1_length_over_time.png,20260907_050453_154588/mul1_length_over_time.png,DELTA/Dynamic_load/N=1/200Hz/M1/Large_area/Batch_20260907_050453_154588/Repeat_1/mul1_length_over_time.png,351035,4abb32b09ef418f2eb2197eade7a8d64815853624a4355b3502c9c7651929a81,20260907_delta_followup_review,existing_derived
20260907_050453_154588,plot_generation.log,D:\study\programming\ESKIN\E-SKIN\docs\Final\data scalability\data\20260907_050453_154588\plot_generation.log,D:\study\programming\ESKIN\E-SKIN\docs\Final\data scalability\data\DELTA\Dynamic_load\N=1\200Hz\M1\Large_area\Batch_20260907_050453_154588\Repeat_1\plot_generation.log,20260907_050453_154588/plot_generation.log,DELTA/Dynamic_load/N=1/200Hz/M1/Large_area/Batch_20260907_050453_154588/Repeat_1/plot_generation.log,739,c2d694ad66cdd217c8c268e9666c49fe9ee9949aa8344418a43e174075f72847,20260907_delta_followup_review,existing_derived
20260907_050453_154588,plot_status.json,D:\study\programming\ESKIN\E-SKIN\docs\Final\data scalability\data\20260907_050453_154588\plot_status.json,D:\study\programming\ESKIN\E-SKIN\docs\Final\data scalability\data\DELTA\Dynamic_load\N=1\200Hz\M1\Large_area\Batch_20260907_050453_154588\Repeat_1\plot_status.json,20260907_050453_154588/plot_status.json,DELTA/Dynamic_load/N=1/200Hz/M1/Large_area/Batch_20260907_050453_154588/Repeat_1/plot_status.json,9516,3d11a2da128e47ea0463993c0c6c8b9c27350979f9b0606f81d777f1f4befd21,20260907_delta_followup_review,existing_derived
20260907_050453_154588,usb_throughput_over_time.png,D:\study\programming\ESKIN\E-SKIN\docs\Final\data scalability\data\20260907_050453_154588\usb_throughput_over_time.png,D:\study\programming\ESKIN\E-SKIN\docs\Final\data scalability\data\DELTA\Dynamic_load\N=1\200Hz\M1\Large_area\Batch_20260907_050453_154588\Repeat_1\usb_throughput_over_time.png,20260907_050453_154588/usb_throughput_over_time.png,DELTA/Dynamic_load/N=1/200Hz/M1/Large_area/Batch_20260907_050453_154588/Repeat_1/usb_throughput_over_time.png,185487,81ea30f853ff784fa7a9f914061d56c2626796bffe08d98462f88e3b4a5e51e7,20260907_delta_followup_review,existing_derived
20260907_050533_183636,mul1_length_over_time.png,D:\study\programming\ESKIN\E-SKIN\docs\Final\data scalability\data\20260907_050533_183636\mul1_length_over_time.png,D:\study\programming\ESKIN\E-SKIN\docs\Final\data scalability\data\DELTA\Dynamic_load\N=1\200Hz\M1\Large_area\Batch_20260907_050453_154588\Repeat_2\mul1_length_over_time.png,20260907_050533_183636/mul1_length_over_time.png,DELTA/Dynamic_load/N=1/200Hz/M1/Large_area/Batch_20260907_050453_154588/Repeat_2/mul1_length_over_time.png,355102,4ea07243a130637ae3f6485fd652922ba872ad290b53c1d4618f7e56cbf39258,20260907_delta_followup_review,existing_derived
20260907_050533_183636,plot_status.json,D:\study\programming\ESKIN\E-SKIN\docs\Final\data scalability\data\20260907_050533_183636\plot_status.json,D:\study\programming\ESKIN\E-SKIN\docs\Final\data scalability\data\DELTA\Dynamic_load\N=1\200Hz\M1\Large_area\Batch_20260907_050453_154588\Repeat_2\plot_status.json,20260907_050533_183636/plot_status.json,DELTA/Dynamic_load/N=1/200Hz/M1/Large_area/Batch_20260907_050453_154588/Repeat_2/plot_status.json,9508,7109306eb6d2e26fbdcec425db17a5ff70c4a9a3f9827ebc4a00090e7bb86499,20260907_delta_followup_review,existing_derived
20260907_050533_183636,usb_throughput_over_time.png,D:\study\programming\ESKIN\E-SKIN\docs\Final\data scalability\data\20260907_050533_183636\usb_throughput_over_time.png,D:\study\programming\ESKIN\E-SKIN\docs\Final\data scalability\data\DELTA\Dynamic_load\N=1\200Hz\M1\Large_area\Batch_20260907_050453_154588\Repeat_2\usb_throughput_over_time.png,20260907_050533_183636/usb_throughput_over_time.png,DELTA/Dynamic_load/N=1/200Hz/M1/Large_area/Batch_20260907_050453_154588/Repeat_2/usb_throughput_over_time.png,183548,d9008ad80af3e5abb6e38f733c1724d71112fdf8ae59a1757efc425f7afed473,20260907_delta_followup_review,existing_derived
20260907_050613_222506,mul1_length_over_time.png,D:\study\programming\ESKIN\E-SKIN\docs\Final\data scalability\data\20260907_050613_222506\mul1_length_over_time.png,D:\study\programming\ESKIN\E-SKIN\docs\Final\data scalability\data\DELTA\Dynamic_load\N=1\200Hz\M1\Large_area\Batch_20260907_050453_154588\Repeat_3\mul1_length_over_time.png,20260907_050613_222506/mul1_length_over_time.png,DELTA/Dynamic_load/N=1/200Hz/M1/Large_area/Batch_20260907_050453_154588/Repeat_3/mul1_length_over_time.png,347408,5357df64c4f164c2c7c93c61947c147cc9fd4a4daf5e3664489966b40ffc037f,20260907_delta_followup_review,existing_derived
20260907_050613_222506,plot_status.json,D:\study\programming\ESKIN\E-SKIN\docs\Final\data scalability\data\20260907_050613_222506\plot_status.json,D:\study\programming\ESKIN\E-SKIN\docs\Final\data scalability\data\DELTA\Dynamic_load\N=1\200Hz\M1\Large_area\Batch_20260907_050453_154588\Repeat_3\plot_status.json,20260907_050613_222506/plot_status.json,DELTA/Dynamic_load/N=1/200Hz/M1/Large_area/Batch_20260907_050453_154588/Repeat_3/plot_status.json,9516,45fa96f8542a6c37c5de5f0f02fa2593674df26adccedf4f2392dc72b111f760,20260907_delta_followup_review,existing_derived
20260907_050613_222506,usb_throughput_over_time.png,D:\study\programming\ESKIN\E-SKIN\docs\Final\data scalability\data\20260907_050613_222506\usb_throughput_over_time.png,D:\study\programming\ESKIN\E-SKIN\docs\Final\data scalability\data\DELTA\Dynamic_load\N=1\200Hz\M1\Large_area\Batch_20260907_050453_154588\Repeat_3\usb_throughput_over_time.png,20260907_050613_222506/usb_throughput_over_time.png,DELTA/Dynamic_load/N=1/200Hz/M1/Large_area/Batch_20260907_050453_154588/Repeat_3/usb_throughput_over_time.png,181832,706ac0eeea29fc782e139ee0919d241a3745ebe25819296ce246c0ad4953e94a,20260907_delta_followup_review,existing_derived
