load_g,method,metric,mean,sd,n
0.0,LINEAR,mean,12.608920224038602,,1
0.0,LINEAR,bias_g,12.608920224038602,,1
0.0,LINEAR,mae_g,12.608920224038602,,1
0.0,LINEAR,rmse_g,75.35690141030469,,1
0.0,LINEAR,std,74.29453358724456,,1
0.0,LINEAR,cv_percent,589.2220132030325,,1
0.0,LINEAR,mad,0.0,,1
0.0,LINEAR,variance,5519.67772094621,,1
0.0,LINEAR,iqr,3.707825037986289,,1
0.0,LINEAR,mean_estimate_absolute_percentage_error,,,0
0.0,GAMMA,mean,0.03908937329154464,,1
0.0,GAMMA,bias_g,0.03908937329154464,,1
0.0,GAMMA,mae_g,0.03908937329154464,,1
0.0,GAMMA,rmse_g,0.6145599501459148,,1
0.0,GAMMA,std,0.6133155413154174,,1
0.0,GAMMA,cv_percent,1569.0083766272169,,1
0.0,GAMMA,mad,0.0,,1
0.0,GAMMA,variance,0.3761559532190235,,1
0.0,GAMMA,iqr,1.5120564149746307e-09,,1
0.0,GAMMA,mean_estimate_absolute_percentage_error,,,0
0.0,FIT_PRESS,mean,40.12310919267229,,1
0.0,FIT_PRESS,bias_g,40.12310919267229,,1
0.0,FIT_PRESS,mae_g,40.12310919267229,,1
0.0,FIT_PRESS,rmse_g,77.69181105622819,,1
0.0,FIT_PRESS,std,66.52934400630716,,1
0.0,FIT_PRESS,cv_percent,165.81303230223608,,1
0.0,FIT_PRESS,mad,7.551724137931034,,1
0.0,FIT_PRESS,variance,4426.153613909558,,1
0.0,FIT_PRESS,iqr,63.5513698630137,,1
0.0,FIT_PRESS,mean_estimate_absolute_percentage_error,,,0
0.0,GLOBAL_LUT,mean,35.978822284255315,,1
0.0,GLOBAL_LUT,bias_g,35.978822284255315,,1
0.0,GLOBAL_LUT,mae_g,35.978822284255315,,1
0.0,GLOBAL_LUT,rmse_g,99.26868620583785,,1
0.0,GLOBAL_LUT,std,92.5191677873892,,1
0.0,GLOBAL_LUT,cv_percent,257.148961287364,,1
0.0,GLOBAL_LUT,mad,0.0,,1
0.0,GLOBAL_LUT,variance,8559.796408071074,,1
0.0,GLOBAL_LUT,iqr,0.0,,1
0.0,GLOBAL_LUT,mean_estimate_absolute_percentage_error,,,0
70.0,LINEAR,mean,153.08659291977034,,1
70.0,LINEAR,bias_g,83.08659291977034,,1
70.0,LINEAR,mae_g,146.22397847452856,,1
70.0,LINEAR,rmse_g,260.21257523024985,,1
70.0,LINEAR,std,246.59116445027544,,1
70.0,LINEAR,cv_percent,161.07953005362722,,1
70.0,LINEAR,mad,48.44052189475508,,1
70.0,LINEAR,variance,60807.202384942786,,1
70.0,LINEAR,iqr,190.2901639997626,,1
70.0,LINEAR,mean_estimate_absolute_percentage_error,118.69513274252905,,1
70.0,GAMMA,mean,0.539234299039058,,1
70.0,GAMMA,bias_g,-69.46076570096093,,1
70.0,GAMMA,mae_g,69.46076570096093,,1
70.0,GAMMA,rmse_g,69.52016863244728,,1
70.0,GAMMA,std,2.8733038335884387,,1
70.0,GAMMA,cv_percent,532.8488634177772,,1
70.0,GAMMA,mad,4.4175525751924936e-05,,1
70.0,GAMMA,variance,8.255874920114017,,1
70.0,GAMMA,iqr,0.011083073541992288,,1
70.0,GAMMA,mean_estimate_absolute_percentage_error,99.22966528708704,,1
70.0,FIT_PRESS,mean,99.16879397048771,,1
70.0,FIT_PRESS,bias_g,29.168793970487712,,1
70.0,FIT_PRESS,mae_g,49.391619252000446,,1
70.0,FIT_PRESS,rmse_g,73.38591366916262,,1
70.0,FIT_PRESS,std,67.3399865114705,,1
70.0,FIT_PRESS,cv_percent,67.90441207897581,,1
70.0,FIT_PRESS,mad,36.492797780577625,,1
70.0,FIT_PRESS,variance,4534.673783365029,,1
70.0,FIT_PRESS,iqr,75.47020773107731,,1
70.0,FIT_PRESS,mean_estimate_absolute_percentage_error,41.6697056721253,,1
70.0,GLOBAL_LUT,mean,76.0892624208233,,1
70.0,GLOBAL_LUT,bias_g,6.089262420823304,,1
70.0,GLOBAL_LUT,mae_g,85.60649778213656,,1
70.0,GLOBAL_LUT,rmse_g,103.48482927865622,,1
70.0,GLOBAL_LUT,std,103.30552150782151,,1
70.0,GLOBAL_LUT,cv_percent,135.76885649971808,,1
70.0,GLOBAL_LUT,mad,0.0,,1
70.0,GLOBAL_LUT,variance,10672.030774002973,,1
70.0,GLOBAL_LUT,iqr,147.6162957354174,,1
70.0,GLOBAL_LUT,mean_estimate_absolute_percentage_error,8.698946315461862,,1
140.0,LINEAR,mean,382.45338039223293,78.65631648619939,2
140.0,LINEAR,bias_g,242.453380392233,78.65631648619943,2
140.0,LINEAR,mae_g,317.291444165244,49.377640519812545,2
140.0,LINEAR,rmse_g,588.6850267111346,96.26837967122437,2
140.0,LINEAR,std,535.5766005703224,70.20706990722014,2
140.0,LINEAR,cv_percent,141.1341992027891,10.668984660598774,2
140.0,LINEAR,mad,146.2077150085431,3.8039883610787597,2
140.0,LINEAR,variance,289306.8114109413,75202.52767382392,2
140.0,LINEAR,iqr,426.28830732742506,61.582571428605625,2
140.0,LINEAR,mean_estimate_absolute_percentage_error,173.18098599445213,56.18308320442816,2
140.0,GAMMA,mean,20.903918651969043,9.764246110793495,2
140.0,GAMMA,bias_g,-119.09608134803096,9.764246110793497,2
140.0,GAMMA,mae_g,150.1523843052417,6.3204351694920815,2
140.0,GAMMA,rmse_g,223.8405026217124,63.62622507400569,2
140.0,GAMMA,std,185.6156188109828,82.994145364934,2
140.0,GAMMA,cv_percent,892.5955186062566,19.90573114530615,2
140.0,GAMMA,mad,0.011993039747588736,0.011539600035733635,2
140.0,GAMMA,variance,37897.17202901197,30810.019299201766,2
140.0,GAMMA,iqr,0.524717850143559,0.41163566659836565,2
140.0,GAMMA,mean_estimate_absolute_percentage_error,85.06862953430783,6.974461507709635,2
140.0,FIT_PRESS,mean,170.54597133247202,39.69669392492612,2
140.0,FIT_PRESS,bias_g,30.545971332472025,39.69669392492613,2
140.0,FIT_PRESS,mae_g,63.10936198699394,17.44343371851895,2
140.0,FIT_PRESS,rmse_g,125.92090314502366,80.8235110600491,2
140.0,FIT_PRESS,std,121.07988211001138,74.04033830544365,2
140.0,FIT_PRESS,cv_percent,67.77898754276828,27.637311340114163,2
140.0,FIT_PRESS,mad,37.603938060899544,1.3556640229099246,2
140.0,FIT_PRESS,variance,17401.323699966528,17929.590866816954,2
140.0,FIT_PRESS,iqr,74.57531981295321,1.6655486256419187,2
140.0,FIT_PRESS,mean_estimate_absolute_percentage_error,21.81855095176573,28.354781374947233,2
140.0,GLOBAL_LUT,mean,153.1813816959003,27.69170599927991,2
140.0,GLOBAL_LUT,bias_g,13.1813816959003,27.691705999279883,2
140.0,GLOBAL_LUT,mae_g,138.12037078933702,15.75473956938334,2
140.0,GLOBAL_LUT,rmse_g,264.5959303946322,89.4907128639617,2
140.0,GLOBAL_LUT,std,263.7245746496842,88.40231713825072,2
140.0,GLOBAL_LUT,cv_percent,169.72178365755224,27.029041867021864,2
140.0,GLOBAL_LUT,mad,94.94675096849645,9.129693869511856,2
140.0,GLOBAL_LUT,variance,73458.13611186278,46627.726970663316,2
140.0,GLOBAL_LUT,iqr,233.86995414665654,36.57466407197864,2
140.0,GLOBAL_LUT,mean_estimate_absolute_percentage_error,13.986423639082147,13.315206260827622,2
212.0,LINEAR,mean,663.1819336151793,,1
212.0,LINEAR,bias_g,451.18193361517945,,1
212.0,LINEAR,mae_g,503.2958475487378,,1
212.0,LINEAR,rmse_g,812.0527918011913,,1
212.0,LINEAR,std,675.1774577482404,,1
212.0,LINEAR,cv_percent,101.80878331043645,,1
212.0,LINEAR,mad,257.8593610913089,,1
212.0,LINEAR,variance,455864.59945137694,,1
212.0,LINEAR,iqr,764.6101977114574,,1
212.0,LINEAR,mean_estimate_absolute_percentage_error,212.82166679961296,,1
212.0,GAMMA,mean,41.44751057176286,,1
212.0,GAMMA,bias_g,-170.55248942823712,,1
212.0,GAMMA,mae_g,220.271097078521,,1
212.0,GAMMA,rmse_g,349.7095859961621,,1
212.0,GAMMA,std,305.30090548086844,,1
212.0,GAMMA,cv_percent,736.5964837677421,,1
212.0,GAMMA,mad,0.1982667832675617,,1
212.0,GAMMA,variance,93208.64288743817,,1
212.0,GAMMA,iqr,7.439941506481486,,1
212.0,GAMMA,mean_estimate_absolute_percentage_error,80.44928746614958,,1
212.0,FIT_PRESS,mean,247.98675343477203,,1
212.0,FIT_PRESS,bias_g,35.98675343477201,,1
212.0,FIT_PRESS,mae_g,75.35790012595784,,1
212.0,FIT_PRESS,rmse_g,279.5816729339124,,1
212.0,FIT_PRESS,std,277.25595650544653,,1
212.0,FIT_PRESS,cv_percent,111.8027284382241,,1
212.0,FIT_PRESS,mad,43.323065728838216,,1
212.0,FIT_PRESS,variance,76870.86541775006,,1
212.0,FIT_PRESS,iqr,86.95215066448378,,1
212.0,FIT_PRESS,mean_estimate_absolute_percentage_error,16.974883695647176,,1
212.0,GLOBAL_LUT,mean,238.63129962470398,,1
212.0,GLOBAL_LUT,bias_g,26.631299624704006,,1
212.0,GLOBAL_LUT,mae_g,168.5348089329016,,1
212.0,GLOBAL_LUT,rmse_g,356.4689842824945,,1
212.0,GLOBAL_LUT,std,355.47279872824663,,1
212.0,GLOBAL_LUT,cv_percent,148.9631910345791,,1
212.0,GLOBAL_LUT,mad,113.91445019718915,,1
212.0,GLOBAL_LUT,variance,126360.91063569253,,1
212.0,GLOBAL_LUT,iqr,247.4893696504102,,1
212.0,GLOBAL_LUT,mean_estimate_absolute_percentage_error,12.56193378523774,,1
284.0,LINEAR,mean,935.9637261439794,,1
284.0,LINEAR,bias_g,651.9637261439794,,1
284.0,LINEAR,mae_g,719.6460104745673,,1
284.0,LINEAR,rmse_g,1047.2145233333883,,1
284.0,LINEAR,std,819.5130003073983,,1
284.0,LINEAR,cv_percent,87.5582009661486,,1
284.0,LINEAR,mad,461.4107173778665,,1
284.0,LINEAR,variance,671601.5576728339,,1
284.0,LINEAR,iqr,1026.5194760813774,,1
284.0,LINEAR,mean_estimate_absolute_percentage_error,229.5646923042181,,1
284.0,GAMMA,mean,73.91089171368517,,1
284.0,GAMMA,bias_g,-210.0891082863148,,1
284.0,GAMMA,mae_g,280.073452044179,,1
284.0,GAMMA,rmse_g,352.5395934524672,,1
284.0,GAMMA,std,283.10198079683573,,1
284.0,GAMMA,cv_percent,383.0314778145441,,1
284.0,GAMMA,mad,1.9341732842941401,,1
284.0,GAMMA,variance,80146.73153109195,,1
284.0,GAMMA,iqr,26.67658736215749,,1
284.0,GAMMA,mean_estimate_absolute_percentage_error,73.97503812898408,,1
284.0,FIT_PRESS,mean,286.0368121436833,,1
284.0,FIT_PRESS,bias_g,2.036812143683278,,1
284.0,FIT_PRESS,mae_g,78.38370164406508,,1
284.0,FIT_PRESS,rmse_g,154.23288913284063,,1
284.0,FIT_PRESS,std,154.21943939255667,,1
284.0,FIT_PRESS,cv_percent,53.91594118140587,,1
284.0,FIT_PRESS,mad,52.23529411764707,,1
284.0,FIT_PRESS,variance,23783.63548655446,,1
284.0,FIT_PRESS,iqr,102.77690891330093,,1
284.0,FIT_PRESS,mean_estimate_absolute_percentage_error,0.7171873745363655,,1
284.0,GLOBAL_LUT,mean,323.0379393110214,,1
284.0,GLOBAL_LUT,bias_g,39.03793931102138,,1
284.0,GLOBAL_LUT,mae_g,212.93818562328656,,1
284.0,GLOBAL_LUT,rmse_g,383.1699276576492,,1
284.0,GLOBAL_LUT,std,381.17611776646913,,1
284.0,GLOBAL_LUT,cv_percent,117.99732210385116,,1
284.0,GLOBAL_LUT,mad,144.13840798335988,,1
284.0,GLOBAL_LUT,variance,145295.23275551715,,1
284.0,GLOBAL_LUT,iqr,302.2098201441281,,1
284.0,GLOBAL_LUT,mean_estimate_absolute_percentage_error,13.745753278528655,,1
352.0,LINEAR,mean,1146.261620610048,,1
352.0,LINEAR,bias_g,794.2616206100481,,1
352.0,LINEAR,mae_g,881.1714096824039,,1
352.0,LINEAR,rmse_g,1226.474209357516,,1
352.0,LINEAR,std,934.5520125948283,,1
352.0,LINEAR,cv_percent,81.5304286378753,,1
352.0,LINEAR,mad,633.5448182382826,,1
352.0,LINEAR,variance,873387.464245044,,1
352.0,LINEAR,iqr,1322.3090346398112,,1
352.0,LINEAR,mean_estimate_absolute_percentage_error,225.6425058551273,,1
352.0,GAMMA,mean,119.64298542480469,,1
352.0,GAMMA,bias_g,-232.3570145751953,,1
352.0,GAMMA,mae_g,341.7316873068421,,1
352.0,GAMMA,rmse_g,414.0321891815339,,1
352.0,GAMMA,std,342.6847989861178,,1
352.0,GAMMA,cv_percent,286.4228084658539,,1
352.0,GAMMA,mad,7.388605012615718,,1
352.0,GAMMA,variance,117432.87145615598,,1
352.0,GAMMA,iqr,72.83724111130792,,1
352.0,GAMMA,mean_estimate_absolute_percentage_error,66.01051550431684,,1
352.0,FIT_PRESS,mean,318.32383731069945,,1
352.0,FIT_PRESS,bias_g,-33.67616268930051,,1
352.0,FIT_PRESS,mae_g,92.17413761957215,,1
352.0,FIT_PRESS,rmse_g,132.11564806181593,,1
352.0,FIT_PRESS,std,127.75155783518794,,1
352.0,FIT_PRESS,cv_percent,40.13257659698801,,1
352.0,FIT_PRESS,mad,60.691464785214805,,1
352.0,FIT_PRESS,variance,16320.460529317368,,1
352.0,FIT_PRESS,iqr,115.73380747126441,,1
352.0,FIT_PRESS,mean_estimate_absolute_percentage_error,9.567091673096737,,1
352.0,GLOBAL_LUT,mean,404.2757779324418,,1
352.0,GLOBAL_LUT,bias_g,52.27577793244182,,1
352.0,GLOBAL_LUT,mae_g,271.27467628201816,,1
352.0,GLOBAL_LUT,rmse_g,492.30109762097027,,1
352.0,GLOBAL_LUT,std,489.51773589970173,,1
352.0,GLOBAL_LUT,cv_percent,121.08510146296834,,1
352.0,GLOBAL_LUT,mad,177.9595251907811,,1
352.0,GLOBAL_LUT,variance,239627.61376037015,,1
352.0,GLOBAL_LUT,iqr,348.07935533133093,,1
352.0,GLOBAL_LUT,mean_estimate_absolute_percentage_error,14.85107327626188,,1
421.0,LINEAR,mean,1411.476701974698,,1
421.0,LINEAR,bias_g,990.4767019746979,,1
421.0,LINEAR,mae_g,1088.987921330854,,1
421.0,LINEAR,rmse_g,1456.4835961848398,,1
421.0,LINEAR,std,1067.8484765175485,,1
421.0,LINEAR,cv_percent,75.65470085504045,,1
421.0,LINEAR,mad,774.3227491523526,,1
421.0,LINEAR,variance,1140300.3688008494,,1
421.0,LINEAR,iqr,1547.660581934655,,1
421.0,LINEAR,mean_estimate_absolute_percentage_error,235.2676251721373,,1
421.0,GAMMA,mean,207.5673272389085,,1
421.0,GAMMA,bias_g,-213.4326727610915,,1
421.0,GAMMA,mae_g,419.4746389388357,,1
421.0,GAMMA,rmse_g,523.1357640246296,,1
421.0,GAMMA,std,477.61650076153114,,1
421.0,GAMMA,cv_percent,230.10196600537137,,1
421.0,GAMMA,mad,20.463386748558275,,1
421.0,GAMMA,variance,228117.52179968968,,1
421.0,GAMMA,iqr,151.4973957507153,,1
421.0,GAMMA,mean_estimate_absolute_percentage_error,50.69659685536615,,1
421.0,FIT_PRESS,mean,376.07483966432386,,1
421.0,FIT_PRESS,bias_g,-44.925160335676125,,1
421.0,FIT_PRESS,mae_g,106.78048877103485,,1
421.0,FIT_PRESS,rmse_g,144.20893087851584,,1
421.0,FIT_PRESS,std,137.03264470168543,,1
421.0,FIT_PRESS,cv_percent,36.437599713928684,,1
421.0,FIT_PRESS,mad,71.31868751557033,,1
421.0,FIT_PRESS,variance,18777.945713938356,,1
421.0,FIT_PRESS,iqr,143.4493172288532,,1
421.0,FIT_PRESS,mean_estimate_absolute_percentage_error,10.67105946215585,,1
421.0,GLOBAL_LUT,mean,530.2183444320247,,1
421.0,GLOBAL_LUT,bias_g,109.2183444320246,,1
421.0,GLOBAL_LUT,mae_g,363.88316817838654,,1
421.0,GLOBAL_LUT,rmse_g,650.0813577868312,,1
421.0,GLOBAL_LUT,std,640.8409513923855,,1
421.0,GLOBAL_LUT,cv_percent,120.86359480429914,,1
421.0,GLOBAL_LUT,mad,227.92588519198898,,1
421.0,GLOBAL_LUT,variance,410677.12498149776,,1
421.0,GLOBAL_LUT,iqr,471.71400404250824,,1
421.0,GLOBAL_LUT,mean_estimate_absolute_percentage_error,25.942599627559286,,1
489.0,LINEAR,mean,1667.125666071871,,1
489.0,LINEAR,bias_g,1178.125666071871,,1
489.0,LINEAR,mae_g,1259.8141297374318,,1
489.0,LINEAR,rmse_g,1636.7871656833447,,1
489.0,LINEAR,std,1136.2623555712944,,1
489.0,LINEAR,cv_percent,68.15697092880755,,1
489.0,LINEAR,mad,900.6648447428049,,1
489.0,LINEAR,variance,1291092.1406884266,,1
489.0,LINEAR,iqr,1782.9802750624835,,1
489.0,LINEAR,mean_estimate_absolute_percentage_error,240.92549408422718,,1
489.0,GAMMA,mean,301.76178013480677,,1
489.0,GAMMA,bias_g,-187.23821986519317,,1
489.0,GAMMA,mae_g,482.21940645833,,1
489.0,GAMMA,rmse_g,620.7127172033278,,1
489.0,GAMMA,std,591.7990590729695,,1
489.0,GAMMA,cv_percent,196.11465004235913,,1
489.0,GAMMA,mad,50.22781685522386,,1
489.0,GAMMA,variance,350226.126319652,,1
489.0,GAMMA,iqr,294.70915167779714,,1
489.0,GAMMA,mean_estimate_absolute_percentage_error,38.29002451230944,,1
489.0,FIT_PRESS,mean,443.21163963074224,,1
489.0,FIT_PRESS,bias_g,-45.788360369257774,,1
489.0,FIT_PRESS,mae_g,127.26035603047731,,1
489.0,FIT_PRESS,rmse_g,169.26613301091703,,1
489.0,FIT_PRESS,std,162.95536149254016,,1
489.0,FIT_PRESS,cv_percent,36.766940874636084,,1
489.0,FIT_PRESS,mad,83.52117647058822,,1
489.0,FIT_PRESS,variance,26554.44983916444,,1
489.0,FIT_PRESS,iqr,176.00603727042204,,1
489.0,FIT_PRESS,mean_estimate_absolute_percentage_error,9.36367287714883,,1
489.0,GLOBAL_LUT,mean,664.1220332281307,,1
489.0,GLOBAL_LUT,bias_g,175.12203322813073,,1
489.0,GLOBAL_LUT,mae_g,454.3899391904897,,1
489.0,GLOBAL_LUT,rmse_g,792.2943132642167,,1
489.0,GLOBAL_LUT,std,772.6982284882387,,1
489.0,GLOBAL_LUT,cv_percent,116.34883196576784,,1
489.0,GLOBAL_LUT,mad,287.1401903513005,,1
489.0,GLOBAL_LUT,variance,597062.5523088623,,1
489.0,GLOBAL_LUT,iqr,589.3304140291516,,1
489.0,GLOBAL_LUT,mean_estimate_absolute_percentage_error,35.81227673376907,,1
560.0,LINEAR,mean,1813.7296205657472,,1
560.0,LINEAR,bias_g,1253.7296205657472,,1
560.0,LINEAR,mae_g,1338.1420299641377,,1
560.0,LINEAR,rmse_g,1725.5020751990396,,1
560.0,LINEAR,std,1185.5460556352334,,1
560.0,LINEAR,cv_percent,65.36509313143556,,1
560.0,LINEAR,mad,1012.000568654397,,1
560.0,LINEAR,variance,1405519.45003226,,1
560.0,LINEAR,iqr,2017.7748117497285,,1
560.0,LINEAR,mean_estimate_absolute_percentage_error,223.88028938674057,,1
560.0,GAMMA,mean,375.4544477730958,,1
560.0,GAMMA,bias_g,-184.54555222690416,,1
560.0,GAMMA,mae_g,539.3239633550227,,1
560.0,GAMMA,rmse_g,699.9450018039751,,1
560.0,GAMMA,std,675.1784539687516,,1
560.0,GAMMA,cv_percent,179.82965922321225,,1
560.0,GAMMA,mad,69.55919990242623,,1
560.0,GAMMA,variance,455865.9447036336,,1
560.0,GAMMA,iqr,451.04843805340874,,1
560.0,GAMMA,mean_estimate_absolute_percentage_error,32.95456289766146,,1
560.0,FIT_PRESS,mean,489.9624273449168,,1
560.0,FIT_PRESS,bias_g,-70.03757265508312,,1
560.0,FIT_PRESS,mae_g,154.0815017603087,,1
560.0,FIT_PRESS,rmse_g,204.8205738464707,,1
560.0,FIT_PRESS,std,192.4739096277246,,1
560.0,FIT_PRESS,cv_percent,39.2834019275175,,1
560.0,FIT_PRESS,mad,105.89285714285717,,1
560.0,FIT_PRESS,variance,37046.2058873815,,1
560.0,FIT_PRESS,iqr,208.26782751736351,,1
560.0,FIT_PRESS,mean_estimate_absolute_percentage_error,12.506709402693414,,1
560.0,GLOBAL_LUT,mean,753.7749690183213,,1
560.0,GLOBAL_LUT,bias_g,193.77496901832123,,1
560.0,GLOBAL_LUT,mae_g,523.873551768278,,1
560.0,GLOBAL_LUT,rmse_g,880.0527221629975,,1
560.0,GLOBAL_LUT,std,858.4544572477043,,1
560.0,GLOBAL_LUT,cv_percent,113.8873659290799,,1
560.0,GLOBAL_LUT,mad,318.475011910338,,1
560.0,GLOBAL_LUT,variance,736944.0551684507,,1
560.0,GLOBAL_LUT,iqr,713.5998428631277,,1
560.0,GLOBAL_LUT,mean_estimate_absolute_percentage_error,34.602673038985934,,1
630.0,LINEAR,mean,2049.53853304184,,1
630.0,LINEAR,bias_g,1419.5385330418399,,1
630.0,LINEAR,mae_g,1433.2229786213418,,1
630.0,LINEAR,rmse_g,1824.3269116402632,,1
630.0,LINEAR,std,1145.896606917187,,1
630.0,LINEAR,cv_percent,55.90998112226243,,1
630.0,LINEAR,mad,1016.3938600515189,,1
630.0,LINEAR,variance,1313079.0337443221,,1
630.0,LINEAR,iqr,2015.9089562645565,,1
630.0,LINEAR,mean_estimate_absolute_percentage_error,225.32357667330794,,1
630.0,GAMMA,mean,469.5089044073852,,1
630.0,GAMMA,bias_g,-160.4910955926147,,1
630.0,GAMMA,mae_g,602.1165186214076,,1
630.0,GAMMA,rmse_g,780.7149625648699,,1
630.0,GAMMA,std,764.0408765296189,,1
630.0,GAMMA,cv_percent,162.73192464666724,,1
630.0,GAMMA,mad,122.1559558448179,,1
630.0,GAMMA,variance,583758.4610081484,,1
630.0,GAMMA,iqr,610.6438267554189,,1
630.0,GAMMA,mean_estimate_absolute_percentage_error,25.474777078192812,,1
630.0,FIT_PRESS,mean,600.5603954856645,,1
630.0,FIT_PRESS,bias_g,-29.439604514335556,,1
630.0,FIT_PRESS,mae_g,151.31046910885772,,1
630.0,FIT_PRESS,rmse_g,290.62239434869616,,1
630.0,FIT_PRESS,std,289.1274559480794,,1
630.0,FIT_PRESS,cv_percent,48.14294417704088,,1
630.0,FIT_PRESS,mad,97.4467948717949,,1
630.0,FIT_PRESS,variance,83594.68578300858,,1
630.0,FIT_PRESS,iqr,205.64395921793226,,1
630.0,FIT_PRESS,mean_estimate_absolute_percentage_error,4.67295309751358,,1
630.0,GLOBAL_LUT,mean,881.1726864886712,,1
630.0,GLOBAL_LUT,bias_g,251.17268648867113,,1
630.0,GLOBAL_LUT,mae_g,594.0844160842137,,1
630.0,GLOBAL_LUT,rmse_g,983.3522123866568,,1
630.0,GLOBAL_LUT,std,950.7333249485873,,1
630.0,GLOBAL_LUT,cv_percent,107.89409834491171,,1
630.0,GLOBAL_LUT,mad,353.7465454216516,,1
630.0,GLOBAL_LUT,variance,903893.8551677961,,1
630.0,GLOBAL_LUT,iqr,832.4900600164176,,1
630.0,GLOBAL_LUT,mean_estimate_absolute_percentage_error,39.86868039502716,,1
697.0,LINEAR,mean,2248.1076668357364,,1
697.0,LINEAR,bias_g,1551.1076668357366,,1
697.0,LINEAR,mae_g,1555.0583874732172,,1
697.0,LINEAR,rmse_g,1923.6576869607973,,1
697.0,LINEAR,std,1137.7714632063692,,1
697.0,LINEAR,cv_percent,50.61018562370764,,1
697.0,LINEAR,mad,1007.8664807950977,,1
697.0,LINEAR,variance,1294523.9024867623,,1
697.0,LINEAR,iqr,2020.708349260098,,1
697.0,LINEAR,mean_estimate_absolute_percentage_error,222.54055478274557,,1
697.0,GAMMA,mean,577.4682937981987,,1
697.0,GAMMA,bias_g,-119.53170620180126,,1
697.0,GAMMA,mae_g,669.0882521935266,,1
697.0,GAMMA,rmse_g,868.349314344294,,1
697.0,GAMMA,std,860.0829628208502,,1
697.0,GAMMA,cv_percent,148.94029197062957,,1
697.0,GAMMA,mad,167.0900827730822,,1
697.0,GAMMA,variance,739742.7029346919,,1
697.0,GAMMA,iqr,793.1739980093735,,1
697.0,GAMMA,mean_estimate_absolute_percentage_error,17.14945569609774,,1
697.0,FIT_PRESS,mean,686.4455539833491,,1
697.0,FIT_PRESS,bias_g,-10.554446016650893,,1
697.0,FIT_PRESS,mae_g,168.6939471595122,,1
697.0,FIT_PRESS,rmse_g,411.4913142643851,,1
697.0,FIT_PRESS,std,411.35593515143614,,1
697.0,FIT_PRESS,cv_percent,59.92550068456183,,1
697.0,FIT_PRESS,mad,94.48571428571427,,1
697.0,FIT_PRESS,variance,169213.70538431255,,1
697.0,FIT_PRESS,iqr,197.1753731343283,,1
697.0,FIT_PRESS,mean_estimate_absolute_percentage_error,1.5142677211837723,,1
697.0,GLOBAL_LUT,mean,1017.7230706500445,,1
697.0,GLOBAL_LUT,bias_g,320.72307065004446,,1
697.0,GLOBAL_LUT,mae_g,689.3769603858323,,1
697.0,GLOBAL_LUT,rmse_g,1103.9679293674938,,1
697.0,GLOBAL_LUT,std,1056.3531137951732,,1
697.0,GLOBAL_LUT,cv_percent,103.79573228309098,,1
697.0,GLOBAL_LUT,mad,401.5790210837895,,1
697.0,GLOBAL_LUT,variance,1115881.9010247581,,1
697.0,GLOBAL_LUT,iqr,926.1028106211427,,1
697.0,GLOBAL_LUT,mean_estimate_absolute_percentage_error,46.014787754669214,,1
800.0,LINEAR,mean,2395.764802728294,,1
800.0,LINEAR,bias_g,1595.764802728294,,1
800.0,LINEAR,mae_g,1601.2235933746902,,1
800.0,LINEAR,rmse_g,1959.3818715486432,,1
800.0,LINEAR,std,1136.9749394454534,,1
800.0,LINEAR,cv_percent,47.4577027824546,,1
800.0,LINEAR,mad,1029.615637888608,,1
800.0,LINEAR,variance,1292712.0129269925,,1
800.0,LINEAR,iqr,2066.8357992434935,,1
800.0,LINEAR,mean_estimate_absolute_percentage_error,199.47060034103674,,1
800.0,GAMMA,mean,671.6234730969913,,1
800.0,GAMMA,bias_g,-128.37652690300868,,1
800.0,GAMMA,mae_g,745.6785435049821,,1
800.0,GAMMA,rmse_g,941.5592436855251,,1
800.0,GAMMA,std,932.7664641859606,,1
800.0,GAMMA,cv_percent,138.88235023781795,,1
800.0,GAMMA,mad,221.5453295120485,,1
800.0,GAMMA,variance,870053.2767099788,,1
800.0,GAMMA,iqr,1005.3947436142122,,1
800.0,GAMMA,mean_estimate_absolute_percentage_error,16.047065862876085,,1
800.0,FIT_PRESS,mean,746.4172380787072,,1
800.0,FIT_PRESS,bias_g,-53.58276192129276,,1
800.0,FIT_PRESS,mae_g,196.59420788623348,,1
800.0,FIT_PRESS,rmse_g,450.241560418757,,1
800.0,FIT_PRESS,std,447.041776966318,,1
800.0,FIT_PRESS,cv_percent,59.89167373961143,,1
800.0,FIT_PRESS,mad,108.03476446034591,,1
800.0,FIT_PRESS,variance,199846.35035320322,,1
800.0,FIT_PRESS,iqr,210.41866255786135,,1
800.0,FIT_PRESS,mean_estimate_absolute_percentage_error,6.697845240161595,,1
800.0,GLOBAL_LUT,mean,1139.0660202371862,,1
800.0,GLOBAL_LUT,bias_g,339.06602023718625,,1
800.0,GLOBAL_LUT,mae_g,778.6781208620921,,1
800.0,GLOBAL_LUT,rmse_g,1210.3468689366707,,1
800.0,GLOBAL_LUT,std,1161.8837192530577,,1
800.0,GLOBAL_LUT,cv_percent,102.00319372279408,,1
800.0,GLOBAL_LUT,mad,420.1458338545074,,1
800.0,GLOBAL_LUT,variance,1349973.7770653183,,1
800.0,GLOBAL_LUT,iqr,1180.1543505213972,,1
800.0,GLOBAL_LUT,mean_estimate_absolute_percentage_error,42.38325252964828,,1
882.0,LINEAR,mean,2590.723819912714,,1
882.0,LINEAR,bias_g,1708.7238199127146,,1
882.0,LINEAR,mae_g,1711.3497260180459,,1
882.0,LINEAR,rmse_g,2027.266024891696,,1
882.0,LINEAR,std,1090.903498455789,,1
882.0,LINEAR,cv_percent,42.10805837623184,,1
882.0,LINEAR,mad,975.6466820938679,,1
882.0,LINEAR,variance,1190070.4429430799,,1
882.0,LINEAR,iqr,1955.1812606912818,,1
882.0,LINEAR,mean_estimate_absolute_percentage_error,193.73285940053452,,1
882.0,GAMMA,mean,783.6101246999906,,1
882.0,GAMMA,bias_g,-98.38987530000938,,1
882.0,GAMMA,mae_g,800.8860958491916,,1
882.0,GAMMA,rmse_g,1000.2520403264369,,1
882.0,GAMMA,std,995.4012138909861,,1
882.0,GAMMA,cv_percent,127.02761009782523,,1
882.0,GAMMA,mad,298.95539128776954,,1
882.0,GAMMA,variance,990823.5766156487,,1
882.0,GAMMA,iqr,1201.0018101428323,,1
882.0,GAMMA,mean_estimate_absolute_percentage_error,11.15531465986501,,1
882.0,FIT_PRESS,mean,827.5179074582704,,1
882.0,FIT_PRESS,bias_g,-54.48209254172955,,1
882.0,FIT_PRESS,mae_g,192.32388978822644,,1
882.0,FIT_PRESS,rmse_g,442.3262009823199,,1
882.0,FIT_PRESS,std,438.95805000902544,,1
882.0,FIT_PRESS,cv_percent,53.045142111460706,,1
882.0,FIT_PRESS,mad,97.54767342278052,,1
882.0,FIT_PRESS,variance,192684.1696677261,,1
882.0,FIT_PRESS,iqr,191.94821057321053,,1
882.0,FIT_PRESS,mean_estimate_absolute_percentage_error,6.17710799792852,,1
882.0,GLOBAL_LUT,mean,1282.4118059338512,,1
882.0,GLOBAL_LUT,bias_g,400.41180593385127,,1
882.0,GLOBAL_LUT,mae_g,865.2733106252267,,1
882.0,GLOBAL_LUT,rmse_g,1309.1567793391189,,1
882.0,GLOBAL_LUT,std,1246.4196157628323,,1
882.0,GLOBAL_LUT,cv_percent,97.19339840724491,,1
882.0,GLOBAL_LUT,mad,445.0839662192416,,1
882.0,GLOBAL_LUT,variance,1553561.8585583665,,1
882.0,GLOBAL_LUT,iqr,1438.329118314768,,1
882.0,GLOBAL_LUT,mean_estimate_absolute_percentage_error,45.398163938078376,,1
966.0,LINEAR,mean,2744.3283341760934,,1
966.0,LINEAR,bias_g,1778.3283341760932,,1
966.0,LINEAR,mae_g,1780.5421528366032,,1
966.0,LINEAR,rmse_g,2074.8569270154667,,1
966.0,LINEAR,std,1068.9151525965683,,1
966.0,LINEAR,cv_percent,38.94997326977931,,1
966.0,LINEAR,mad,949.3457692053678,,1
966.0,LINEAR,variance,1142579.6034505449,,1
966.0,LINEAR,iqr,1914.2467480364116,,1
966.0,LINEAR,mean_estimate_absolute_percentage_error,184.09196005963696,,1
966.0,GAMMA,mean,896.2770277468081,,1
966.0,GAMMA,bias_g,-69.72297225319184,,1
966.0,GAMMA,mae_g,855.8506471812741,,1
966.0,GAMMA,rmse_g,1058.5822372171324,,1
966.0,GAMMA,std,1056.283607792817,,1
966.0,GAMMA,cv_percent,117.85235759620625,,1
966.0,GAMMA,mad,394.3413551823723,,1
966.0,GAMMA,variance,1115735.0600918098,,1
966.0,GAMMA,iqr,1394.1712801580206,,1
966.0,GAMMA,mean_estimate_absolute_percentage_error,7.2176989910136475,,1
966.0,FIT_PRESS,mean,903.8945100086573,,1
966.0,FIT_PRESS,bias_g,-62.105489991342736,,1
966.0,FIT_PRESS,mae_g,212.605127256651,,1
966.0,FIT_PRESS,rmse_g,445.18637327830163,,1
966.0,FIT_PRESS,std,440.8330920718435,,1
966.0,FIT_PRESS,cv_percent,48.77041371427527,,1
966.0,FIT_PRESS,mad,97.9444444444444,,1
966.0,FIT_PRESS,variance,194333.81506562245,,1
966.0,FIT_PRESS,iqr,187.9073300573301,,1
966.0,FIT_PRESS,mean_estimate_absolute_percentage_error,6.429139750656598,,1
966.0,GLOBAL_LUT,mean,1410.0703223604587,,1
966.0,GLOBAL_LUT,bias_g,444.07032236045865,,1
966.0,GLOBAL_LUT,mae_g,945.4274589879881,,1
966.0,GLOBAL_LUT,rmse_g,1385.6377942507775,,1
966.0,GLOBAL_LUT,std,1312.5523401582268,,1
966.0,GLOBAL_LUT,cv_percent,93.08417596939515,,1
966.0,GLOBAL_LUT,mad,505.1559964622652,,1
966.0,GLOBAL_LUT,variance,1722793.6456548376,,1
966.0,GLOBAL_LUT,iqr,1703.6325051985345,,1
966.0,GLOBAL_LUT,mean_estimate_absolute_percentage_error,45.97001266671414,,1
1035.0,LINEAR,mean,2877.1103242622094,,1
1035.0,LINEAR,bias_g,1842.1103242622096,,1
1035.0,LINEAR,mae_g,1844.102172220993,,1
1035.0,LINEAR,rmse_g,2114.8983060174323,,1
1035.0,LINEAR,std,1038.9535110109512,,1
1035.0,LINEAR,cv_percent,36.11100701455982,,1
1035.0,LINEAR,mad,868.8251330559474,,1
1035.0,LINEAR,variance,1079424.3980419827,,1
1035.0,LINEAR,iqr,1772.595882148214,,1
1035.0,LINEAR,mean_estimate_absolute_percentage_error,177.98167384175937,,1
1035.0,GAMMA,mean,996.6441658218029,,1
1035.0,GAMMA,bias_g,-38.35583417819703,,1
1035.0,GAMMA,mae_g,891.2401219993933,,1
1035.0,GAMMA,rmse_g,1101.4442517341326,,1
1035.0,GAMMA,std,1100.7762123441157,,1
1035.0,GAMMA,cv_percent,110.44826730475553,,1
1035.0,GAMMA,mad,472.53559912168953,,1
1035.0,GAMMA,variance,1211708.2696626578,,1
1035.0,GAMMA,iqr,1536.8929709214058,,1
1035.0,GAMMA,mean_estimate_absolute_percentage_error,3.7058776983765243,,1
1035.0,FIT_PRESS,mean,969.9683231234451,,1
1035.0,FIT_PRESS,bias_g,-65.03167687655495,,1
1035.0,FIT_PRESS,mae_g,224.09600776540782,,1
1035.0,FIT_PRESS,rmse_g,445.52785460752824,,1
1035.0,FIT_PRESS,std,440.7561119642134,,1
1035.0,FIT_PRESS,cv_percent,45.44025835244928,,1
1035.0,FIT_PRESS,mad,106.25495495495494,,1
1035.0,FIT_PRESS,variance,194265.95023381023,,1
1035.0,FIT_PRESS,iqr,214.41987850858834,,1
1035.0,FIT_PRESS,mean_estimate_absolute_percentage_error,6.283253804498064,,1
1035.0,GLOBAL_LUT,mean,1515.2491063095636,,1
1035.0,GLOBAL_LUT,bias_g,480.24910630956356,,1
1035.0,GLOBAL_LUT,mae_g,1001.7194537758496,,1
1035.0,GLOBAL_LUT,rmse_g,1442.7999101902776,,1
1035.0,GLOBAL_LUT,std,1360.526507177989,,1
1035.0,GLOBAL_LUT,cv_percent,89.78896615168405,,1
1035.0,GLOBAL_LUT,mad,530.510385423831,,1
1035.0,GLOBAL_LUT,variance,1851032.3767339387,,1
1035.0,GLOBAL_LUT,iqr,1879.8107697095625,,1
1035.0,GLOBAL_LUT,mean_estimate_absolute_percentage_error,46.40087983667281,,1
1107.0,LINEAR,mean,3019.388932890283,,1
1107.0,LINEAR,bias_g,1912.3889328902826,,1
1107.0,LINEAR,mae_g,1914.6109510672898,,1
1107.0,LINEAR,rmse_g,2171.4041858083106,,1
1107.0,LINEAR,std,1028.4768872000082,,1
1107.0,LINEAR,cv_percent,34.062418259429336,,1
1107.0,LINEAR,mad,876.5124034472365,,1
1107.0,LINEAR,variance,1057764.7075046182,,1
1107.0,LINEAR,iqr,1730.3368046397359,,1
1107.0,LINEAR,mean_estimate_absolute_percentage_error,172.75419447970032,,1
1107.0,GAMMA,mean,1133.1929485040102,,1
1107.0,GAMMA,bias_g,26.192948504010246,,1
1107.0,GAMMA,mae_g,934.1977796559913,,1
1107.0,GAMMA,rmse_g,1155.888508976607,,1
1107.0,GAMMA,std,1155.5916989286613,,1
1107.0,GAMMA,cv_percent,101.97660517162774,,1
1107.0,GAMMA,mad,628.6842382592,,1
1107.0,GAMMA,variance,1335392.1746328298,,1
1107.0,GAMMA,iqr,1741.2434476281835,,1
1107.0,GAMMA,mean_estimate_absolute_percentage_error,2.3661200093956865,,1
1107.0,FIT_PRESS,mean,1045.1613690275806,,1
1107.0,FIT_PRESS,bias_g,-61.83863097241954,,1
1107.0,FIT_PRESS,mae_g,233.96233068839143,,1
1107.0,FIT_PRESS,rmse_g,448.3671623402352,,1
1107.0,FIT_PRESS,std,444.0823076688506,,1
1107.0,FIT_PRESS,cv_percent,42.48935339832024,,1
1107.0,FIT_PRESS,mad,118.85810591293057,,1
1107.0,FIT_PRESS,variance,197209.0959844917,,1
1107.0,FIT_PRESS,iqr,258.2757242757243,,1
1107.0,FIT_PRESS,mean_estimate_absolute_percentage_error,5.586145525963825,,1
1107.0,GLOBAL_LUT,mean,1660.0828096347736,,1
1107.0,GLOBAL_LUT,bias_g,553.0828096347739,,1
1107.0,GLOBAL_LUT,mae_g,1088.17500689424,,1
1107.0,GLOBAL_LUT,rmse_g,1530.3940412990414,,1
1107.0,GLOBAL_LUT,std,1426.956666241171,,1
1107.0,GLOBAL_LUT,cv_percent,85.95695696379799,,1
1107.0,GLOBAL_LUT,mad,641.963699288267,,1
1107.0,GLOBAL_LUT,variance,2036205.3273301166,,1
1107.0,GLOBAL_LUT,iqr,2082.689436260923,,1
1107.0,GLOBAL_LUT,mean_estimate_absolute_percentage_error,49.96231342680884,,1
1179.0,LINEAR,mean,3128.213354060662,,1
1179.0,LINEAR,bias_g,1949.2133540606621,,1
1179.0,LINEAR,mae_g,1952.8092952439831,,1
1179.0,LINEAR,rmse_g,2200.468820377633,,1
1179.0,LINEAR,std,1021.0927136189524,,1
1179.0,LINEAR,cv_percent,32.64140255310576,,1
1179.0,LINEAR,mad,833.3431898306178,,1
1179.0,LINEAR,variance,1042630.3298057159,,1
1179.0,LINEAR,iqr,1658.1544354411621,,1
1179.0,LINEAR,mean_estimate_absolute_percentage_error,165.32768058190518,,1
1179.0,GAMMA,mean,1251.7068150007385,,1
1179.0,GAMMA,bias_g,72.70681500073849,,1
1179.0,GAMMA,mae_g,983.210557430591,,1
1179.0,GAMMA,rmse_g,1213.636966643665,,1
1179.0,GAMMA,std,1211.4571415681548,,1
1179.0,GAMMA,cv_percent,96.78441684983876,,1
1179.0,GAMMA,mad,716.5987199148228,,1
1179.0,GAMMA,variance,1467628.4058564843,,1
1179.0,GAMMA,iqr,1863.501436481079,,1
1179.0,GAMMA,mean_estimate_absolute_percentage_error,6.16682061074966,,1
1179.0,FIT_PRESS,mean,1118.819872563589,,1
1179.0,FIT_PRESS,bias_g,-60.180127436411055,,1
1179.0,FIT_PRESS,mae_g,258.26514926069297,,1
1179.0,FIT_PRESS,rmse_g,465.3354143910938,,1
1179.0,FIT_PRESS,std,461.42756760760227,,1
1179.0,FIT_PRESS,cv_percent,41.242346415452744,,1
1179.0,FIT_PRESS,mad,137.9420118343195,,1
1179.0,FIT_PRESS,variance,212915.40014826835,,1
1179.0,FIT_PRESS,iqr,278.6912771958098,,1
1179.0,FIT_PRESS,mean_estimate_absolute_percentage_error,5.104336508601446,,1
1179.0,GLOBAL_LUT,mean,1775.6788349662793,,1
1179.0,GLOBAL_LUT,bias_g,596.6788349662793,,1
1179.0,GLOBAL_LUT,mae_g,1159.1471976184332,,1
1179.0,GLOBAL_LUT,rmse_g,1594.7961172199941,,1
1179.0,GLOBAL_LUT,std,1478.9689054889739,,1
1179.0,GLOBAL_LUT,cv_percent,83.29033811551062,,1
1179.0,GLOBAL_LUT,mad,717.7900101223727,,1
1179.0,GLOBAL_LUT,variance,2187349.0234032534,,1
1179.0,GLOBAL_LUT,iqr,2220.2577162160014,,1
1179.0,GLOBAL_LUT,mean_estimate_absolute_percentage_error,50.60889185464625,,1
1249.0,LINEAR,mean,3181.8110711861023,,1
1249.0,LINEAR,bias_g,1932.8110711861025,,1
1249.0,LINEAR,mae_g,1937.5859503300971,,1
1249.0,LINEAR,rmse_g,2182.0974834558388,,1
1249.0,LINEAR,std,1012.8133048122621,,1
1249.0,LINEAR,cv_percent,31.83134642984034,,1
1249.0,LINEAR,mad,805.3001737846291,,1
1249.0,LINEAR,variance,1025790.7904047362,,1
1249.0,LINEAR,iqr,1607.202321412307,,1
1249.0,LINEAR,mean_estimate_absolute_percentage_error,154.74868464260229,,1
1249.0,GAMMA,mean,1309.9907579746161,,1
1249.0,GAMMA,bias_g,60.990757974616,,1
1249.0,GAMMA,mae_g,1009.4035202361587,,1
1249.0,GAMMA,rmse_g,1235.1239137288865,,1
1249.0,GAMMA,std,1233.617124437985,,1
1249.0,GAMMA,cv_percent,94.16991050725329,,1
1249.0,GAMMA,mad,781.9600880376489,,1
1249.0,GAMMA,variance,1521811.209706643,,1
1249.0,GAMMA,iqr,1907.0991599585784,,1
1249.0,GAMMA,mean_estimate_absolute_percentage_error,4.883167171706646,,1
1249.0,FIT_PRESS,mean,1163.7203628392654,,1
1249.0,FIT_PRESS,bias_g,-85.27963716073478,,1
1249.0,FIT_PRESS,mae_g,290.04647918808246,,1
1249.0,FIT_PRESS,rmse_g,484.35649400968447,,1
1249.0,FIT_PRESS,std,476.7898874505278,,1
1249.0,FIT_PRESS,cv_percent,40.97117337426729,,1
1249.0,FIT_PRESS,mad,147.59523831107327,,1
1249.0,FIT_PRESS,variance,227328.59677508695,,1
1249.0,FIT_PRESS,iqr,300.38681818181817,,1
1249.0,FIT_PRESS,mean_estimate_absolute_percentage_error,6.827833239450342,,1
1249.0,GLOBAL_LUT,mean,1831.5975966491324,,1
1249.0,GLOBAL_LUT,bias_g,582.5975966491324,,1
1249.0,GLOBAL_LUT,mae_g,1192.8278716371385,,1
1249.0,GLOBAL_LUT,rmse_g,1609.5776014475136,,1
1249.0,GLOBAL_LUT,std,1500.4399672963216,,1
1249.0,GLOBAL_LUT,cv_percent,81.91973881388269,,1
1249.0,GLOBAL_LUT,mad,754.4342590132113,,1
1249.0,GLOBAL_LUT,variance,2251320.0954601867,,1
1249.0,GLOBAL_LUT,iqr,2244.500084286109,,1
1249.0,GLOBAL_LUT,mean_estimate_absolute_percentage_error,46.64512383099538,,1
1319.0,LINEAR,mean,3242.2882411042847,,1
1319.0,LINEAR,bias_g,1923.2882411042847,,1
1319.0,LINEAR,mae_g,1929.838794500965,,1
1319.0,LINEAR,rmse_g,2170.770281053599,,1
1319.0,LINEAR,std,1006.5813204781351,,1
1319.0,LINEAR,cv_percent,31.045398978324815,,1
1319.0,LINEAR,mad,796.2911725569752,,1
1319.0,LINEAR,variance,1013205.9547355062,,1
1319.0,LINEAR,iqr,1615.6124694903447,,1
1319.0,LINEAR,mean_estimate_absolute_percentage_error,145.81411987143932,,1
1319.0,GAMMA,mean,1381.2022197738345,,1
1319.0,GAMMA,bias_g,62.20221977383446,,1
1319.0,GAMMA,mae_g,1035.0206511463339,,1
1319.0,GAMMA,rmse_g,1260.0250464890933,,1
1319.0,GAMMA,std,1258.4887769205768,,1
1319.0,GAMMA,cv_percent,91.11546150907928,,1
1319.0,GAMMA,mad,846.615984889546,,1
1319.0,GAMMA,variance,1583794.0016350492,,1
1319.0,GAMMA,iqr,1980.1131263525617,,1
1319.0,GAMMA,mean_estimate_absolute_percentage_error,4.715861999532559,,1
1319.0,FIT_PRESS,mean,1218.6253897278166,,1
1319.0,FIT_PRESS,bias_g,-100.37461027218325,,1
1319.0,FIT_PRESS,mae_g,322.13934991012513,,1
1319.0,FIT_PRESS,rmse_g,504.50776562911955,,1
1319.0,FIT_PRESS,std,494.4219080833635,,1
1319.0,FIT_PRESS,cv_percent,40.57209969946499,,1
1319.0,FIT_PRESS,mad,162.59634146341477,,1
1319.0,FIT_PRESS,variance,244453.02319279397,,1
1319.0,FIT_PRESS,iqr,327.1695475767867,,1
1319.0,FIT_PRESS,mean_estimate_absolute_percentage_error,7.609902219270906,,1
1319.0,GLOBAL_LUT,mean,1901.4724089710692,,1
1319.0,GLOBAL_LUT,bias_g,582.4724089710693,,1
1319.0,GLOBAL_LUT,mae_g,1234.7348317328833,,1
1319.0,GLOBAL_LUT,rmse_g,1633.9697739365868,,1
1319.0,GLOBAL_LUT,std,1526.6247459430954,,1
1319.0,GLOBAL_LUT,cv_percent,80.2864526848006,,1
1319.0,GLOBAL_LUT,mad,788.274490740511,,1
1319.0,GLOBAL_LUT,variance,2330583.1149258204,,1
1319.0,GLOBAL_LUT,iqr,2366.8082121076686,,1
1319.0,GLOBAL_LUT,mean_estimate_absolute_percentage_error,44.16015231016446,,1
1969.0,LINEAR,mean,3779.746673614499,,1
1969.0,LINEAR,bias_g,1810.7466736144984,,1
1969.0,LINEAR,mae_g,1822.5570134639297,,1
1969.0,LINEAR,rmse_g,1984.75903202357,,1
1969.0,LINEAR,std,812.6899157693346,,1
1969.0,LINEAR,cv_percent,21.501174177690984,,1
1969.0,LINEAR,mad,562.1897791404158,,1
1969.0,LINEAR,variance,660464.8991931682,,1
1969.0,LINEAR,iqr,1242.9650309285485,,1
1969.0,LINEAR,mean_estimate_absolute_percentage_error,91.96275640500245,,1
1969.0,GAMMA,mean,2053.5852636852514,,1
1969.0,GAMMA,bias_g,84.58526368525153,,1
1969.0,GAMMA,mae_g,1126.6228907673483,,1
1969.0,GAMMA,rmse_g,1356.1940653979686,,1
1969.0,GAMMA,std,1353.5537212050233,,1
1969.0,GAMMA,cv_percent,65.91173715261327,,1
1969.0,GAMMA,mad,1105.7481100965458,,1
1969.0,GAMMA,variance,1832107.676187966,,1
1969.0,GAMMA,iqr,2238.3443119610497,,1
1969.0,GAMMA,mean_estimate_absolute_percentage_error,4.29584884130277,,1
1969.0,FIT_PRESS,mean,2015.4336950666905,,1
1969.0,FIT_PRESS,bias_g,46.433695066690575,,1
1969.0,FIT_PRESS,mae_g,505.70081429870754,,1
1969.0,FIT_PRESS,rmse_g,685.8053325005445,,1
1969.0,FIT_PRESS,std,684.2315880231167,,1
1969.0,FIT_PRESS,cv_percent,33.94959554848941,,1
1969.0,FIT_PRESS,mad,360.2463127788095,,1
1969.0,FIT_PRESS,variance,468172.86604863615,,1
1969.0,FIT_PRESS,iqr,814.4409743713525,,1
1969.0,FIT_PRESS,mean_estimate_absolute_percentage_error,2.3582374335546255,,1
1969.0,GLOBAL_LUT,mean,2530.203124753227,,1
1969.0,GLOBAL_LUT,bias_g,561.203124753227,,1
1969.0,GLOBAL_LUT,mae_g,1458.792281448765,,1
1969.0,GLOBAL_LUT,rmse_g,1723.6955088355369,,1
1969.0,GLOBAL_LUT,std,1629.7782855183139,,1
1969.0,GLOBAL_LUT,cv_percent,64.41294256473056,,1
1969.0,GLOBAL_LUT,mad,1548.4023093871115,,1
1969.0,GLOBAL_LUT,variance,2656177.2599470145,,1
1969.0,GLOBAL_LUT,iqr,3168.9016833804153,,1
1969.0,GLOBAL_LUT,mean_estimate_absolute_percentage_error,28.501936249529052,,1
