date,date_bucket,mode,target_Hz,N,modules,load,n_runs,run_ids,module_combinations,K_ESKD_mean_mean_over_runs,K_ESKD_mean_sd_between_runs,q_ESKF_module_frames_mean_over_runs,q_ESKF_module_frames_sd_between_runs,Lmean_B_mean_over_runs,Lmean_B_sd_between_runs,f_packet_Hz_mean_over_runs,f_packet_Hz_sd_between_runs,Mbit_per_s_mean_over_runs,Mbit_per_s_sd_between_runs,K_ESKD_pooled_mean,q_ESKF_pooled
2026-09-01,before_2026-09-05,DELTA,200,1,M0,zero_load,3,"[""20260901_192407"", ""20260901_192450"", ""20260901_192525""]","[""M0""]",25.77327131865444,0.8445625330237687,0.004995282264224812,4.802443760981543e-07,180.08452439409976,1.680434807340342,200.16873501398416,0.014740973911207487,0.2883784142379546,0.002704350211785292,25.773302839292686,0.00499528223344619
2026-09-01,before_2026-09-05,DELTA,200,1,M1,large_area,3,"[""20260901_210355"", ""20260901_210456"", ""20260901_210531""]","[""M1""]",108.81808085457844,2.2808632929220094,0.005116784288555596,9.536085327806283e-05,345.43439948809134,4.606460346576117,199.7645046497554,0.03989864814790388,0.552044847089603,0.007428083931817172,108.8181462432916,0.005116796440489433
2026-09-01,before_2026-09-05,DELTA,200,1,M1,rolling,1,"[""20260901_212641""]","[""M1""]",213.7172967547675,,0.004993342210386152,,554.0938748335552,,200.26172420736913,,0.8877103579752795,,213.7172967547675,0.004993342210386152
2026-09-01,before_2026-09-05,DELTA,200,1,M1,small_area_3x1.6cm,3,"[""20260901_211257"", ""20260901_211411"", ""20260901_211445""]","[""M1""]",76.9135351377536,2.095000706192958,0.005047134514667485,9.533061161073199e-05,281.89593505798564,4.169341464763291,200.30107861453652,0.03821968577787632,0.4517130017472637,0.006733761498752153,76.91365182005686,0.005047143649473101
2026-09-01,before_2026-09-05,DELTA,200,1,M1,zero_load,3,"[""20260901_192613"", ""20260901_192646"", ""20260901_192721""]","[""M1""]",25.56314286713841,0.6700964383978055,0.004988360584132362,8.294580400886269e-07,179.660075800359,1.3332498481252244,200.44942977429608,0.03480824395662003,0.2881020746443417,0.0021380941680465815,25.56316844919786,0.004988360492184902
2026-09-01,before_2026-09-05,DELTA,200,1,M2,zero_load,3,"[""20260901_192812"", ""20260901_192844"", ""20260901_192933""]","[""M2""]",20.915169853469983,0.2669164503704601,0.00499472781810055,4.800844811834073e-07,170.41634720642546,0.5312814422570412,200.13796238752784,0.113669587772526,0.2728544284482236,0.0009478955172621988,20.91516537453288,0.00499472778733559
2026-09-01,before_2026-09-05,DELTA,200,1,M3,zero_load,3,"[""20260901_193036"", ""20260901_193117"", ""20260901_193149""]","[""M3""]",10.309689426211373,1.312373024606396,0.004954083693088053,9.688844960509615e-05,149.27302266355494,2.6803048815754504,199.60201927722136,0.04706789878170033,0.23836095766937693,0.004228043774292071,10.309465204743791,0.004954077372669079
2026-09-01,before_2026-09-05,DELTA,200,2,M0+M1,zero_load,1,"[""20260901_200355""]","[""M0+M1""]",50.56588493335583,,0.005036091992613732,,418.9142185663925,,194.95843381131337,,0.6533668796239527,,50.56588493335583,0.005036091992613732
2026-09-01,before_2026-09-05,DELTA,200,2,M0+M2,zero_load,1,"[""20260901_201006""]","[""M0+M2""]",58.282175732217574,,0.004995836802664446,,449.5560366361365,,200.14234803696175,,0.7198016059723742,,58.282175732217574,0.004995836802664446
2026-09-01,before_2026-09-05,DELTA,200,2,M0+M3,zero_load,1,"[""20260901_201106""]","[""M0+M3""]",23.590802282645182,,0.00501002004008016,,311.5096860387442,,199.59487839534208,,0.49740590323099465,,23.590802282645182,0.00501002004008016
2026-09-01,before_2026-09-05,DELTA,200,2,M1+M2,zero_load,1,"[""20260901_202827""]","[""M1+M2""]",46.9288940940271,,0.00499417346429166,,404.3669052771766,,200.2245000959459,,0.6477132917157392,,46.9288940940271,0.00499417346429166
2026-09-01,before_2026-09-05,DELTA,200,2,M1+M3,full_area_simultaneous,1,"[""20260901_220515""]","[""M1+M3""]",164.24668480108807,,0.006586725215335248,,873.3058604965378,,197.29247088718637,,1.3783733684609794,,164.24668480108807,0.006586725215335248
2026-09-01,before_2026-09-05,DELTA,200,2,M1+M3,zero_load,1,"[""20260901_202930""]","[""M1+M3""]",31.401241819097162,,0.005009183503088996,,342.5934212723326,,199.6016651984157,,0.5470577389758394,,31.401241819097162,0.005009183503088996
2026-09-01,before_2026-09-05,DELTA,200,2,M2+M3,zero_load,1,"[""20260901_203045""]","[""M2+M3""]",35.14454697986577,,0.005008347245409015,,357.49015025041734,,199.65631581774986,,0.5710013307210574,,35.14454697986577,0.005008347245409015
2026-09-01,before_2026-09-05,DELTA,200,3,M0+M1+M2,zero_load,1,"[""20260901_203359""]","[""M0+M1+M2""]",62.35860529986053,,0.004995836802664446,,678.6704412989176,,200.15148784495372,,1.0866951886589573,,62.35860529986053,0.004995836802664446
2026-09-01,before_2026-09-05,DELTA,200,3,M0+M1+M3,zero_load,1,"[""20260901_204308""]","[""M0+M1+M3""]",51.71995750153777,,0.004841402337228714,,614.7606010016694,,199.60301526113878,,0.9816645569894646,,51.71995750153777,0.004841402337228714
2026-09-01,before_2026-09-05,DELTA,200,3,M0+M2+M3,zero_load,1,"[""20260901_205014""]","[""M0+M2+M3""]",51.773040120866206,,0.005010856856522465,,615.5129447135461,,199.51805276290327,,0.9824475534368579,,51.773040120866206,0.005010856856522465
2026-09-01,before_2026-09-05,DELTA,200,3,M1+M2+M3,zero_load,1,"[""20260901_204633""]","[""M1+M2+M3""]",48.300833473177825,,0.005009183503088996,,594.7797628986475,,199.63171099300345,,0.9498952138517595,,48.300833473177825,0.005009183503088996
2026-09-01,before_2026-09-05,DELTA,200,4,M0+M1+M2+M3,full_area_simultaneous,1,"[""20260901_215751""]","[""M0+M1+M2+M3""]",220.38754087076234,,0.005136106831022085,,2149.7675055641157,,194.64484089630957,,3.3475292326766684,,220.38754087076234,0.005136106831022085
2026-09-01,before_2026-09-05,DELTA,200,4,M0+M1+M2+M3,zero_load,1,"[""20260901_205141""]","[""M0+M1+M2+M3""]",74.2191235059761,,0.0049657820063428474,,985.8731430479052,,199.69218870721352,,1.574969325783168,,74.2191235059761,0.0049657820063428474
2026-09-01,before_2026-09-05,FULL,100,1,M0,load_not_recorded,1,"[""20260901_184454""]","[""M0""]",,,1.0,,1084.0,,100.0541042069057,,0.8676691916822862,,,1.0
2026-09-01,before_2026-09-05,FULL,100,1,M1,load_not_recorded,1,"[""20260901_184609""]","[""M1""]",,,1.0,,1084.0,,100.20098311192626,,0.8689429255466244,,,1.0
2026-09-01,before_2026-09-05,FULL,100,1,M2,load_not_recorded,1,"[""20260901_184723""]","[""M2""]",,,1.0,,1084.0,,100.06613461812685,,0.8677735194083961,,,1.0
2026-09-01,before_2026-09-05,FULL,100,1,M3,load_not_recorded,1,"[""20260901_184822""]","[""M3""]",,,1.0,,1084.0,,99.79997837670034,,0.8654654124827453,,,1.0
2026-09-01,before_2026-09-05,FULL,200,1,M0,load_not_recorded,1,"[""20260901_182704""]","[""M0""]",,,1.0,,1084.0,,200.08868487714156,,1.7351690752545716,,,1.0
2026-09-01,before_2026-09-05,FULL,200,1,M1,load_not_recorded,1,"[""20260901_183546""]","[""M1""]",,,1.0,,1084.0,,200.42812487446776,,1.7381126989113844,,,1.0
2026-09-01,before_2026-09-05,FULL,200,1,M2,load_not_recorded,1,"[""20260901_183900""]","[""M2""]",,,1.0,,1084.0,,200.13987727703605,,1.7356130157464567,,,1.0
2026-09-01,before_2026-09-05,FULL,200,1,M3,load_not_recorded,1,"[""20260901_184014""]","[""M3""]",,,1.0,,1084.0,,199.67465995447085,,1.7315786511251712,,,1.0
2026-09-01,before_2026-09-05,FULL,200,2,M0+M1,load_not_recorded,1,"[""20260901_185923""]","[""M0+M1""]",,,1.0,,2128.0,,200.16265207099264,,3.4075689888565788,,,1.0
2026-09-01,before_2026-09-05,FULL,200,2,M0+M2,load_not_recorded,1,"[""20260901_190012""]","[""M0+M2""]",,,1.0,,2128.0,,200.18374374537424,,3.4079280535212515,,,1.0
2026-09-01,before_2026-09-05,FULL,200,2,M0+M3,load_not_recorded,1,"[""20260901_190056""]","[""M0+M3""]",,,1.0,,2128.0,,199.70034416789073,,3.3996986591141716,,,1.0
2026-09-01,before_2026-09-05,FULL,200,2,M1+M2,load_not_recorded,1,"[""20260901_190300""]","[""M1+M2""]",,,1.0,,2128.0,,200.09901751391362,,3.4064856741568654,,,1.0
2026-09-01,before_2026-09-05,FULL,200,2,M1+M3,load_not_recorded,1,"[""20260901_190151""]","[""M1+M3""]",,,1.0,,2128.0,,199.6533431336094,,3.3988985135065666,,,1.0
2026-09-01,before_2026-09-05,FULL,200,2,M2+M3,load_not_recorded,1,"[""20260901_190356""]","[""M2+M3""]",,,1.0,,2128.0,,199.0187250460413,,3.388094775183807,,,1.0
2026-09-01,before_2026-09-05,FULL,200,3,M0+M1+M2,load_not_recorded,1,"[""20260901_190923""]","[""M0+M1+M2""]",,,1.0,,3172.0,,200.1375633292608,,5.078690807043321,,,1.0
2026-09-01,before_2026-09-05,FULL,200,3,M0+M1+M3,load_not_recorded,1,"[""20260901_191010""]","[""M0+M1+M3""]",,,1.0,,3172.0,,199.58794222708173,,5.064743621954425,,,1.0
2026-09-01,before_2026-09-05,FULL,200,3,M0+M2+M3,load_not_recorded,1,"[""20260901_191135""]","[""M0+M2+M3""]",,,1.0,,3172.0,,199.65902305383398,,5.066547369014091,,,1.0
2026-09-01,before_2026-09-05,FULL,200,3,M1+M2+M3,load_not_recorded,1,"[""20260901_191230""]","[""M1+M2+M3""]",,,1.0,,3172.0,,199.5137643583078,,5.062861284356419,,,1.0
2026-09-01,before_2026-09-05,FULL,200,4,M0+M1+M2+M3,load_not_recorded,2,"[""20260901_191328"", ""20260901_191436""]","[""M0+M1+M2+M3""]",,,1.0,0.0,4216.0,0.0,199.19438381250615,0.5331439037779726,6.718428177228207,0.01798187758662317,,1.0
2026-09-01,before_2026-09-05,FULL,50,1,M0,load_not_recorded,1,"[""20260901_185551""]","[""M0""]",,,1.0,,1084.0,,50.03101656550979,,0.4338689756561009,,,1.0
2026-09-01,before_2026-09-05,FULL,50,1,M1,load_not_recorded,1,"[""20260901_185503""]","[""M1""]",,,1.0,,1084.0,,50.09427422449812,,0.43441754607484767,,,1.0
2026-09-01,before_2026-09-05,FULL,50,1,M2,load_not_recorded,1,"[""20260901_185357""]","[""M2""]",,,1.0,,1084.0,,50.04879657699538,,0.43402316391570395,,,1.0
2026-09-01,before_2026-09-05,FULL,50,1,M3,load_not_recorded,1,"[""20260901_185305""]","[""M3""]",,,1.0,,1084.0,,49.905006752443406,,0.43277621855718923,,,1.0
2026-09-05,yesterday_2026-09-05,DELTA,200,1,M0,zero_load,3,"[""20260905_185935"", ""20260905_190017"", ""20260905_190049""]","[""M0""]",43.07587071638654,3.562347385914809,0.004996114164245762,4.804043509069931e-07,214.51758936543922,7.088679303469349,200.1027566173616,0.02251721738961334,0.3434037059006283,0.011312964690015435,43.07609908502566,0.0049961141334517595
2026-09-05,yesterday_2026-09-05,DELTA,200,1,M1,large_area,3,"[""20260905_192429"", ""20260905_192558"", ""20260905_192704""]","[""M1""]",93.49009716024652,7.263549772233875,0.005838143277471312,0.0002872789264563785,315.495217511846,14.281782276667634,199.80403805237327,0.06848312560001824,0.5042926326901895,0.022661263453526287,93.4895413870246,0.005838198498748957
2026-09-05,yesterday_2026-09-05,DELTA,200,1,M1,small_area_3x1.6cm,3,"[""20260905_193003"", ""20260905_193110"", ""20260905_193204""]","[""M1""]",64.36183756272635,3.5629901778058395,0.004990850200220283,8.302861868713773e-07,256.872449934142,7.090554966213175,200.3558407385048,0.038069314168932486,0.4117266975117818,0.011339548936033977,64.36175667391183,0.004990850108135086
2026-09-05,yesterday_2026-09-05,DELTA,200,1,M1,zero_load,2,"[""20260905_190158"", ""20260905_190232""]","[""M1""]",20.31135965829753,0.5159554452500119,0.004989190226132371,1.1734210016722237e-06,169.20966685407592,1.0278413073805297,200.41024346578325,0.016793373924243224,0.27129073520422176,0.0016251866035939064,20.311298679592177,0.004989190088142358
2026-09-05,yesterday_2026-09-05,DELTA,200,1,M2,zero_load,4,"[""20260905_190327"", ""20260905_190358"", ""20260905_190430"", ""20260905_190503""]","[""M2""]",43.22760481617585,1.2080504733986237,0.0049935500238625285,4.1562695275417297e-07,214.8172999648435,2.403686263090359,200.24474998530766,0.007919395739686716,0.34412839921191296,0.003863230926580909,43.22767763790724,0.004993549997919354
2026-09-05,yesterday_2026-09-05,DELTA,200,1,M3,zero_load,3,"[""20260905_190722"", ""20260905_190838"", ""20260905_190910""]","[""M3""]",43.74651273528116,0.5190789006247961,0.004988637024170721,4.789674493558823e-07,215.84564626105802,1.0327350051701099,200.4494672962862,0.016210643518223634,0.3461292113052219,0.0016728240074262413,43.7465322266169,0.004988636993514772
2026-09-05,yesterday_2026-09-05,DELTA,200,3,M0+M1+M3,zero_load,3,"[""20260905_191210"", ""20260905_191244"", ""20260905_191317""]","[""M0+M1+M3""]",51.63438201948819,0.5986979481636968,0.004996946341397367,4.805644056635064e-07,614.6494125614666,3.573810173718324,200.11306678168185,0.028194300903185025,0.9839952475652206,0.005778817012854774,51.634395402042294,0.004996946310587974
2026-09-05,yesterday_2026-09-05,DELTA,200,3,M0+M2+M3,zero_load,3,"[""20260905_191433"", ""20260905_191504"", ""20260905_191537""]","[""M0+M2+M3""]",60.88735909003574,1.961020077321769,0.004996668979816051,8.322233592809506e-07,669.8891546962142,11.70816986779352,200.11707268865123,0.03977363711585699,1.072448868062636,0.018641807548505165,60.887270765911545,0.004996668887408394
2026-09-05,yesterday_2026-09-05,DELTA,200,3,M1+M2+M3,zero_load,3,"[""20260905_191911"", ""20260905_191946"", ""20260905_192018""]","[""M1+M2+M3""]",44.6989120952442,0.12492321919754373,0.004995005271997238,1.4407332081885546e-06,573.2394592310895,0.7495285187520647,200.16387181636267,0.06168354986563243,0.9179343998775102,0.0009310791564230303,44.698888145173285,0.004995004995004995
2026-09-05,yesterday_2026-09-05,DELTA,200,4,M0+M1+M2+M3,zero_load,5,"[""20260905_184520"", ""20260905_184604"", ""20260905_185602"", ""20260905_185647"", ""20260905_185720""]","[""M0+M1+M2+M3""]",79.40203344756345,3.9362402581223277,0.005182808614722056,0.00041808194061729716,1027.7693322049215,32.170290764012925,199.4670727061277,1.5402576559507146,1.6398253072707571,0.04324602779129008,79.38450943174374,0.005180221579800478
