combo,module_count,load,protocol_mode,configured_frequency_Hz,host_state,photo_filename_date_batch,I_sum_mA,V_source_main_V,V_source_min_V,V_source_max_V,P_source_output_estimate_mW,T_teensy_C,T_regulator_C,load_mass_g_recorded,load_area_mm2,load_application,n_records_per_configuration_condition,within_condition_repeat_SD_mA,simultaneous_branch_sum_measured,simultaneous_voltage_current_measurement_verified,provenance_json,I_M0_main_mA,V_M0_main_V,T_M0_stm32_C,I_M1_main_mA,V_M1_main_V,T_M1_stm32_C,I_M2_main_mA,V_M2_main_V,T_M2_stm32_C,I_M3_main_mA,V_M3_main_V,T_M3_stm32_C
M0,1,ZERO,FULL,200,CONTINUOUS_USB_READ,2026-09-04,18.16,3.280,3.280,3.281,59.56480,43.6,29.0,0,,,1,,False,False,"{""combo"": ""M0"", ""module_count"": ""1"", ""load"": ""ZERO"", ""protocol_mode"": ""FULL"", ""configured_frequency_Hz"": ""200"", ""current_filename_date_batch"": ""2026-09-04"", ""I_M0_main_mA"": ""18.16"", ""I_M1_main_mA"": """", ""I_M2_main_mA"": """", ""I_M3_main_mA"": """", ""I_sum_mA"": ""18.16"", ""V_source_main_V"": ""3.280"", ""V_source_min_V"": ""3.280"", ""V_source_max_V"": ""3.281"", ""P_source_output_estimate_mW"": ""59.56480"", ""power_uses_cross_record_voltage"": ""False"", ""power_is_simultaneous_measurement"": ""False"", ""branch_sum_is_simultaneous_measurement"": ""False"", ""source_voltage_path"": ""DATA/raw/canonical/power_experiment_records/transmission/n=1/M0/zero_load/PS01_N1_F200_ZERO_M0_USB_RX_R1.yaml"", ""source_voltage_sha256"": ""f452895420bd4a9bdaa1bf2bf39ca41d3da3bbf383eb1a983a2ba58468894ace"", ""source_voltage_run_id"": ""PS01_N1_F200_ZERO_M0_USB_RX_R1"", ""source_voltage_photo_paths"": """", ""source_voltage_photo_original_references"": """", ""source_voltage_photo_sha256"": """", ""voltage_configuration_kind"": ""SAME_RECORD_VOLTAGE_CONFIGURATION"", ""current_temperature_remeasured_after_connector_repair"": """", ""voltage_quality_event_id"": """", ""T_M0_stm32_C"": ""27.7"", ""T_M1_stm32_C"": """", ""T_M2_stm32_C"": """", ""T_M3_stm32_C"": """", ""T_teensy_C"": ""43.6"", ""T_regulator_C"": ""29.0"", ""I_N1_prediction_mA"": """", ""prediction_residual_mA"": """", ""prediction_residual_percent"": """", ""n_current_records_in_this_condition"": ""1"", ""within_condition_repeat_SD_mA"": """", ""current_MIN_MAX_complete_branches"": ""1"", ""source_record_run_id"": ""PS01_N1_F200_ZERO_M0_USB_RX_R1"", ""current_source"": ""DATA/raw/canonical/power_experiment_records/transmission/n=1/M0/zero_load/PS01_N1_F200_ZERO_M0_USB_RX_R1.yaml""}",18.16,3.235,27.7,,,,,,,,,
M0,1,MAX,FULL,200,CONTINUOUS_USB_READ,2026-09-04,19.689,3.281,3.281,3.281,64.599609,43.5,29,2000,,,1,,False,False,"{""source_record"": ""DATA/raw/canonical/power_experiment_records/transmission/n=1/M0/full_load/PS01_N1_F200_MAX_M0_USB_RX_R1.yaml"", ""source_record_sha256"": ""1faa6b068ba1e6bea5afbe4fb32bffff334dfe9de9d9743937256b5410e72584"", ""configuration_photo_paths"": [""DATA/raw/canonical/power_experiment_records/transmission/n=1/M0/full_load/IMG_20260904_183630.jpg"", ""DATA/raw/canonical/power_experiment_records/transmission/n=1/M0/full_load/IMG_20260904_183832.jpg"", ""DATA/raw/canonical/power_experiment_records/transmission/n=1/M0/full_load/IMG_20260904_184017.jpg""], ""configuration_photo_sha256"": [""80bb9f217a24fc05912474bf80e4d9867d158ed84ee0406ddb60f833bcf0961f"", ""2dd949a9988dd487dbada178fb23b5a3f1e1417bb55300cf7e774fe84893bc46"", ""91eea73c2b13be1dd24784af4d579954b888109312bc7132c5a9309d15b7f75a""], ""individual_photo_mapping"": ""not_reassigned_original_YAML_plus_group_photos"", ""firmware_actual_rate_verified_by_photos"": false, ""fault_counts"": ""original YAML zeros are template defaults, not verified fault-monitoring outcomes""}",19.689,3.231,26.3,,,,,,,,,
M1,1,ZERO,FULL,200,CONTINUOUS_USB_READ,2026-09-04;2026-09-05,18.38,3.281,3.280,3.281,60.30478,41.7,28.7,0,,,1,,False,False,"{""combo"": ""M1"", ""module_count"": ""1"", ""load"": ""ZERO"", ""protocol_mode"": ""FULL"", ""configured_frequency_Hz"": ""200"", ""current_filename_date_batch"": ""2026-09-04;2026-09-05"", ""I_M0_main_mA"": """", ""I_M1_main_mA"": ""18.38"", ""I_M2_main_mA"": """", ""I_M3_main_mA"": """", ""I_sum_mA"": ""18.38"", ""V_source_main_V"": ""3.281"", ""V_source_min_V"": ""3.280"", ""V_source_max_V"": ""3.281"", ""P_source_output_estimate_mW"": ""60.30478"", ""power_uses_cross_record_voltage"": ""False"", ""power_is_simultaneous_measurement"": ""False"", ""branch_sum_is_simultaneous_measurement"": ""False"", ""source_voltage_path"": ""DATA/raw/canonical/power_experiment_records/transmission/n=1/M1/zero_load/PS01_N1_F200_ZERO_M1_USB_RX_R1.yaml"", ""source_voltage_sha256"": ""ff0fd645259d56a948ea6d2382f6c5b09d0dc4dacc90acec3778432c1cdb6e4b"", ""source_voltage_run_id"": ""PS01_N1_F200_ZERO_M1_USB_RX_R1"", ""source_voltage_photo_paths"": """", ""source_voltage_photo_original_references"": """", ""source_voltage_photo_sha256"": """", ""voltage_configuration_kind"": ""SAME_RECORD_VOLTAGE_CONFIGURATION"", ""current_temperature_remeasured_after_connector_repair"": """", ""voltage_quality_event_id"": """", ""T_M0_stm32_C"": """", ""T_M1_stm32_C"": ""26.9"", ""T_M2_stm32_C"": """", ""T_M3_stm32_C"": """", ""T_teensy_C"": ""41.7"", ""T_regulator_C"": ""28.7"", ""I_N1_prediction_mA"": """", ""prediction_residual_mA"": """", ""prediction_residual_percent"": """", ""n_current_records_in_this_condition"": ""1"", ""within_condition_repeat_SD_mA"": """", ""current_MIN_MAX_complete_branches"": ""1"", ""source_record_run_id"": ""PS01_N1_F200_ZERO_M1_USB_RX_R1"", ""current_source"": ""DATA/raw/canonical/power_experiment_records/transmission/n=1/M1/zero_load/PS01_N1_F200_ZERO_M1_USB_RX_R1.yaml""}",,,,18.38,3.255,26.9,,,,,,
M1,1,MAX,FULL,200,CONTINUOUS_USB_READ,2026-09-04;2026-09-05,20.11,3.281,3.28,3.281,65.98091,41.6,29.0,2000,,,1,,False,False,"{""source_record"": ""DATA/raw/canonical/power_experiment_records/transmission/n=1/M1/full_load/PS01_N1_F200_MAX_M1_USB_RX_R1.yaml"", ""source_record_sha256"": ""158d10a7314e366231638b3ab4098c63333c2db55ae189456cb8ff930fd14b54"", ""configuration_photo_paths"": [""DATA/raw/canonical/power_experiment_records/transmission/n=1/M1/full_load/IMG_20260904_185144.jpg"", ""DATA/raw/canonical/power_experiment_records/transmission/n=1/M1/full_load/IMG_20260905_110730.jpg"", ""DATA/raw/canonical/power_experiment_records/transmission/n=1/M1/full_load/IMG_20260905_110800.jpg""], ""configuration_photo_sha256"": [""74f800c91975c73eba3db7fca756f31718096492e6d547b65cd27487544a6502"", ""bb2643d9d9191e55ebcfe94b0ad1cd005c84936f9b9b78d671d47d58c0c89f35"", ""72aa833eeea4606f46a429e4a7a8ec8a56d5fd8047d810ab49987523822fab80""], ""individual_photo_mapping"": ""not_reassigned_original_YAML_plus_group_photos"", ""firmware_actual_rate_verified_by_photos"": false, ""fault_counts"": ""original YAML zeros are template defaults, not verified fault-monitoring outcomes""}",,,,20.11,3.25,27.3,,,,,,
M2,1,ZERO,FULL,200,CONTINUOUS_USB_READ,2026-09-04;2026-09-05,18.36,3.281,3.280,3.281,60.23916,41.8,29.0,0,,,1,,False,False,"{""combo"": ""M2"", ""module_count"": ""1"", ""load"": ""ZERO"", ""protocol_mode"": ""FULL"", ""configured_frequency_Hz"": ""200"", ""current_filename_date_batch"": ""2026-09-04;2026-09-05"", ""I_M0_main_mA"": """", ""I_M1_main_mA"": """", ""I_M2_main_mA"": ""18.36"", ""I_M3_main_mA"": """", ""I_sum_mA"": ""18.36"", ""V_source_main_V"": ""3.281"", ""V_source_min_V"": ""3.280"", ""V_source_max_V"": ""3.281"", ""P_source_output_estimate_mW"": ""60.23916"", ""power_uses_cross_record_voltage"": ""False"", ""power_is_simultaneous_measurement"": ""False"", ""branch_sum_is_simultaneous_measurement"": ""False"", ""source_voltage_path"": ""DATA/raw/canonical/power_experiment_records/transmission/n=1/M2/zero_load/PS01_N1_F200_ZERO_M2_USB_RX_R1.yaml"", ""source_voltage_sha256"": ""65d749c9c43f6e31ff4737849c8511fa0994a9156b0359efb2a3bf102bae0713"", ""source_voltage_run_id"": ""PS01_N1_F200_ZERO_M2_USB_RX_R1"", ""source_voltage_photo_paths"": """", ""source_voltage_photo_original_references"": """", ""source_voltage_photo_sha256"": """", ""voltage_configuration_kind"": ""SAME_RECORD_VOLTAGE_CONFIGURATION"", ""current_temperature_remeasured_after_connector_repair"": """", ""voltage_quality_event_id"": """", ""T_M0_stm32_C"": """", ""T_M1_stm32_C"": """", ""T_M2_stm32_C"": ""26.9"", ""T_M3_stm32_C"": """", ""T_teensy_C"": ""41.8"", ""T_regulator_C"": ""29.0"", ""I_N1_prediction_mA"": """", ""prediction_residual_mA"": """", ""prediction_residual_percent"": """", ""n_current_records_in_this_condition"": ""1"", ""within_condition_repeat_SD_mA"": """", ""current_MIN_MAX_complete_branches"": ""1"", ""source_record_run_id"": ""PS01_N1_F200_ZERO_M2_USB_RX_R1"", ""current_source"": ""DATA/raw/canonical/power_experiment_records/transmission/n=1/M2/zero_load/PS01_N1_F200_ZERO_M2_USB_RX_R1.yaml""}",,,,,,,18.36,3.249,26.9,,,
M2,1,MAX,FULL,200,CONTINUOUS_USB_READ,2026-09-04;2026-09-05,19.897,3.281,3.28,3.281,65.282057,41.9,29.0,2000,,,1,,False,False,"{""source_record"": ""DATA/raw/canonical/power_experiment_records/transmission/n=1/M2/full_load/PS01_N1_F200_MAX_M2_USB_RX_R1.yaml"", ""source_record_sha256"": ""0e5661fb3f44c55ed5acd0b8eaf3f4f2d9262e9ebce7351a87bb39635f4a62a8"", ""configuration_photo_paths"": [""DATA/raw/canonical/power_experiment_records/transmission/n=1/M2/full_load/IMG_20260904_190031.jpg"", ""DATA/raw/canonical/power_experiment_records/transmission/n=1/M2/full_load/IMG_20260905_111250.jpg"", ""DATA/raw/canonical/power_experiment_records/transmission/n=1/M2/full_load/IMG_20260905_111323.jpg""], ""configuration_photo_sha256"": [""1ac0081f69cd1429167938e91b46207a74dcf40e229960991304a29d87572ef7"", ""47549bf988d03573aa551635e6b8a99cd638670b0674470cdb274e7222b8cf22"", ""e5a820b474557669e1da4637286ab1c7d0a9c16e244210225a741f481a615daf""], ""individual_photo_mapping"": ""not_reassigned_original_YAML_plus_group_photos"", ""firmware_actual_rate_verified_by_photos"": false, ""fault_counts"": ""original YAML zeros are template defaults, not verified fault-monitoring outcomes""}",,,,,,,19.897,3.247,27.1,,,
M3,1,ZERO,FULL,200,CONTINUOUS_USB_READ,2026-09-04,18.4,3.280,3.280,3.280,60.3520,41.8,29.0,0,,,1,,False,False,"{""combo"": ""M3"", ""module_count"": ""1"", ""load"": ""ZERO"", ""protocol_mode"": ""FULL"", ""configured_frequency_Hz"": ""200"", ""current_filename_date_batch"": ""2026-09-04"", ""I_M0_main_mA"": """", ""I_M1_main_mA"": """", ""I_M2_main_mA"": """", ""I_M3_main_mA"": ""18.4"", ""I_sum_mA"": ""18.4"", ""V_source_main_V"": ""3.280"", ""V_source_min_V"": ""3.280"", ""V_source_max_V"": ""3.280"", ""P_source_output_estimate_mW"": ""60.3520"", ""power_uses_cross_record_voltage"": ""False"", ""power_is_simultaneous_measurement"": ""False"", ""branch_sum_is_simultaneous_measurement"": ""False"", ""source_voltage_path"": ""DATA/raw/canonical/power_experiment_records/transmission/n=1/M3/zero_load/PS01_N1_F200_ZERO_M3_USB_RX_R1.yaml"", ""source_voltage_sha256"": ""9707e77d13f820cfdae66fc04d5874a955ea55f0040f9d2f0576762f7ca7b638"", ""source_voltage_run_id"": ""PS01_N1_F200_ZERO_M3_USB_RX_R1"", ""source_voltage_photo_paths"": """", ""source_voltage_photo_original_references"": """", ""source_voltage_photo_sha256"": """", ""voltage_configuration_kind"": ""SAME_RECORD_VOLTAGE_CONFIGURATION"", ""current_temperature_remeasured_after_connector_repair"": """", ""voltage_quality_event_id"": """", ""T_M0_stm32_C"": """", ""T_M1_stm32_C"": """", ""T_M2_stm32_C"": """", ""T_M3_stm32_C"": ""26.9"", ""T_teensy_C"": ""41.8"", ""T_regulator_C"": ""29.0"", ""I_N1_prediction_mA"": """", ""prediction_residual_mA"": """", ""prediction_residual_percent"": """", ""n_current_records_in_this_condition"": ""1"", ""within_condition_repeat_SD_mA"": """", ""current_MIN_MAX_complete_branches"": ""1"", ""source_record_run_id"": ""PS01_N1_F200_ZERO_M3_USB_RX_R1"", ""current_source"": ""DATA/raw/canonical/power_experiment_records/transmission/n=1/M3/zero_load/PS01_N1_F200_ZERO_M3_USB_RX_R1.yaml""}",,,,,,,,,,18.4,3.251,26.9
M3,1,MAX,FULL,200,CONTINUOUS_USB_READ,2026-09-04,20.34,3.28,3.28,3.28,66.7152,41.9,29.0,2000,,,1,,False,False,"{""source_record"": ""DATA/raw/canonical/power_experiment_records/transmission/n=1/M3/full_load/PS01_N1_F200_MAX_M3_USB_RX_R1.yaml"", ""source_record_sha256"": ""3a67413791ed758694a803890a0320e1a2b61ab25f2bf781d762e251fb88ae64"", ""configuration_photo_paths"": [""DATA/raw/canonical/power_experiment_records/transmission/n=1/M3/full_load/IMG_20260904_190828.jpg"", ""DATA/raw/canonical/power_experiment_records/transmission/n=1/M3/full_load/IMG_20260904_191915.jpg"", ""DATA/raw/canonical/power_experiment_records/transmission/n=1/M3/full_load/IMG_20260904_191947.jpg""], ""configuration_photo_sha256"": [""44b6eb1c1eabf436cdd097be8e0e29e72b57570575340f2926d08ba7d7478427"", ""1c63784d79a0366c0a60649bec3d0ec90075e182d5991c5f2bbcb4bd10feedeb"", ""c06b695d604792bf77f55d668c501bc2089b23e39b112ce23f564ddd7a531473""], ""individual_photo_mapping"": ""not_reassigned_original_YAML_plus_group_photos"", ""firmware_actual_rate_verified_by_photos"": false, ""fault_counts"": ""original YAML zeros are template defaults, not verified fault-monitoring outcomes""}",,,,,,,,,,20.34,3.248,27.1
M0-M1,2,ZERO,FULL,200,CONTINUOUS_USB_READ,2026-09-05,36.016,3.281,3.281,3.281,118.168496,43.1,29.0,0,,,1,,False,False,"{""combo"": ""M0-M1"", ""module_count"": ""2"", ""load"": ""ZERO"", ""protocol_mode"": ""FULL"", ""configured_frequency_Hz"": ""200"", ""current_filename_date_batch"": ""2026-09-05"", ""I_M0_main_mA"": ""17.961"", ""I_M1_main_mA"": ""18.055"", ""I_M2_main_mA"": """", ""I_M3_main_mA"": """", ""I_sum_mA"": ""36.016"", ""V_source_main_V"": ""3.281"", ""V_source_min_V"": ""3.281"", ""V_source_max_V"": ""3.281"", ""P_source_output_estimate_mW"": ""118.168496"", ""power_uses_cross_record_voltage"": ""False"", ""power_is_simultaneous_measurement"": ""False"", ""branch_sum_is_simultaneous_measurement"": ""False"", ""source_voltage_path"": ""DATA/raw/canonical/power_experiment_records/transmission/n=2/M0-M1/zero_load/PS01_N2_F200_ZERO_M0-M1_USB_RX_R1.yaml"", ""source_voltage_sha256"": ""293bb811d78b71c31571ffa0e5485ba41be5925ce97f475f8ed6699cc8d98dfb"", ""source_voltage_run_id"": ""PS01_N2_F200_ZERO_M0-M1_USB_RX_R1"", ""source_voltage_photo_paths"": """", ""source_voltage_photo_original_references"": """", ""source_voltage_photo_sha256"": """", ""voltage_configuration_kind"": ""SAME_RECORD_VOLTAGE_CONFIGURATION"", ""current_temperature_remeasured_after_connector_repair"": """", ""voltage_quality_event_id"": """", ""T_M0_stm32_C"": ""27.1"", ""T_M1_stm32_C"": ""26.5"", ""T_M2_stm32_C"": """", ""T_M3_stm32_C"": """", ""T_teensy_C"": ""43.1"", ""T_regulator_C"": ""29.0"", ""I_N1_prediction_mA"": ""36.54"", ""prediction_residual_mA"": ""-0.524"", ""prediction_residual_percent"": ""-1.434044882320744389709906951"", ""n_current_records_in_this_condition"": ""1"", ""within_condition_repeat_SD_mA"": """", ""current_MIN_MAX_complete_branches"": ""2"", ""source_record_run_id"": ""PS01_N2_F200_ZERO_M0-M1_USB_RX_R1"", ""current_source"": ""DATA/raw/canonical/power_experiment_records/transmission/n=2/M0-M1/zero_load/PS01_N2_F200_ZERO_M0-M1_USB_RX_R1.yaml""}",17.961,3.234,27.1,18.055,3.252,26.5,,,,,,
M0-M1,2,MAX,FULL,200,CONTINUOUS_USB_READ,2026-09-05,39.968,3.278,3.278,3.279,131.015104,42.9,29.6,2000,,,1,,False,False,"{""source_record"": ""DATA/raw/canonical/power_experiment_records/transmission/n=2/M0-M1/full_load/PS01_N2_F200_MAX_M0-M1_USB_RX_R1.yaml"", ""source_record_sha256"": ""a51af797896fa4a7d45c85814ab5953409baf4b2282c1c3dbd07619c81170e13"", ""configuration_photo_paths"": [""DATA/raw/canonical/power_experiment_records/transmission/n=2/M0-M1/full_load/IMG_20260905_113832.jpg"", ""DATA/raw/canonical/power_experiment_records/transmission/n=2/M0-M1/full_load/IMG_20260905_114202.jpg"", ""DATA/raw/canonical/power_experiment_records/transmission/n=2/M0-M1/full_load/IMG_20260905_114322.jpg"", ""DATA/raw/canonical/power_experiment_records/transmission/n=2/M0-M1/full_load/IMG_20260905_114418.jpg"", ""DATA/raw/canonical/power_experiment_records/transmission/n=2/M0-M1/full_load/IMG_20260905_114442.jpg""], ""configuration_photo_sha256"": [""305618853eeba6a44f8bec8c47134b34d6828e17209421ca807868c624c986fb"", ""b2a49394e97275f29c737fc0fe47dc29f6cec44025cb225c5fed2c6d24e81ea8"", ""5cb4fadf06c48c31417ffb9505eac825b80ca4817d50f1df8acb1e358df4296c"", ""380552237968b1ff68a3173d1d0f01464513f9399319641019e79b0fef547517"", ""c707e90d7552a4167cf28172f7272b77f5a890bb254bc0dd9d6efad2621a7ff4""], ""individual_photo_mapping"": ""not_reassigned_original_YAML_plus_group_photos"", ""firmware_actual_rate_verified_by_photos"": false, ""fault_counts"": ""original YAML zeros are template defaults, not verified fault-monitoring outcomes""}",19.708,3.241,27.3,20.26,3.248,26.8,,,,,,
M0-M2,2,ZERO,FULL,200,CONTINUOUS_USB_READ,2026-09-07,36.301,3.279,3.279,3.279,119.030979,42.5,29.3,0,,,1,,False,False,"{""combo"": ""M0-M2"", ""module_count"": ""2"", ""load"": ""ZERO"", ""protocol_mode"": ""FULL"", ""configured_frequency_Hz"": ""200"", ""current_filename_date_batch"": ""2026-09-07"", ""I_M0_main_mA"": ""17.985"", ""I_M1_main_mA"": """", ""I_M2_main_mA"": ""18.316"", ""I_M3_main_mA"": """", ""I_sum_mA"": ""36.301"", ""V_source_main_V"": ""3.279"", ""V_source_min_V"": ""3.279"", ""V_source_max_V"": ""3.279"", ""P_source_output_estimate_mW"": ""119.030979"", ""power_uses_cross_record_voltage"": ""True"", ""power_is_simultaneous_measurement"": ""False"", ""branch_sum_is_simultaneous_measurement"": ""False"", ""source_voltage_path"": ""DATA/raw/canonical/power_experiment_records/transmission/n=2/M0-M2/zero_load/PS01_N2_F200_ZERO_M0-M2_USB_RX_VOLTAGE_R1.yaml"", ""source_voltage_sha256"": ""61fb4eab2ee15e218706767d0d6c694b12c3d8018d2da9773245157496811fef"", ""source_voltage_run_id"": ""PS01_N2_F200_ZERO_M0-M2_USB_RX_VOLTAGE_R1"", ""source_voltage_photo_paths"": ""DATA/raw/canonical/power_experiment_records/transmission/n=2/M0-M2/zero_load/IMG_20260906_231927.jpg"", ""source_voltage_photo_original_references"": ""DATA/raw/canonical/power_experiment_records/transmission/n=2/M0-M2/IMG_20260906_231927.jpg"", ""source_voltage_photo_sha256"": ""95052ff8b47b164ee3c99cd997c9b1d6c1e52909537ae98ae4fac7fd53418349"", ""voltage_configuration_kind"": ""SAME_RECORD_VOLTAGE_CONFIGURATION"", ""current_temperature_remeasured_after_connector_repair"": """", ""voltage_quality_event_id"": """", ""T_M0_stm32_C"": ""27.3"", ""T_M1_stm32_C"": """", ""T_M2_stm32_C"": ""26.8"", ""T_M3_stm32_C"": """", ""T_teensy_C"": ""42.5"", ""T_regulator_C"": ""29.3"", ""I_N1_prediction_mA"": ""36.52"", ""prediction_residual_mA"": ""-0.219"", ""prediction_residual_percent"": ""-0.5996714129244249726177437021"", ""n_current_records_in_this_condition"": ""1"", ""within_condition_repeat_SD_mA"": """", ""current_MIN_MAX_complete_branches"": ""2"", ""source_record_run_id"": ""PS01_N2_F200_ZERO_M0-M2_USB_RX_VOLTAGE_R1"", ""current_source"": ""DATA/raw/canonical/power_experiment_records/current_temperature_supplements/n2_zero_20260907.csv""}",17.985,3.235,27.3,,,,18.316,3.248,26.8,,,
M0-M2,2,MAX,FULL,200,CONTINUOUS_USB_READ,2026-09-07,39.357,3.278,3.278,3.278,129.012246,42.7,29.2,,,,1,,False,False,"{""source_record"": ""DATA/raw/canonical/power_experiment_records/current_temperature_supplements/n2_max_20260907.csv"", ""source_record_sha256"": ""a2e9c5a596f28a6fd2712ba11964b5225dc0a26a7949b22472683013757841ee"", ""metadata"": ""DATA/raw/canonical/power_experiment_records/current_temperature_supplements/n2_max_20260907_metadata.json"", ""metadata_sha256"": ""e335661ecc64456d4bab510dd44a104fdb3c6989946054dd1783394a7d6660bc"", ""configuration_photo_paths"": [""DATA/raw/canonical/power_experiment_records/transmission/n=2/M0-M2/IMG_20260907_025357.jpg"", ""DATA/raw/canonical/power_experiment_records/transmission/n=2/M0-M2/IMG_20260907_025650.jpg"", ""DATA/raw/canonical/power_experiment_records/transmission/n=2/M0-M2/IMG_20260907_030036.jpg"", ""DATA/raw/canonical/power_experiment_records/transmission/n=2/M0-M2/IMG_20260907_030134.jpg"", ""DATA/raw/canonical/power_experiment_records/transmission/n=2/M0-M2/IMG_20260907_030206.jpg""], ""configuration_photo_sha256"": [""9a25df23cee13fc0d95fb4063759646e32f3b51bb03f05e6b3f162fe35d70a89"", ""89715493389937ffb8b98b0d11fbb76f123dd4bd73a5182481b5b4526da1881d"", ""8c4477947d7b963b331182c4e6db4fb2ffbf292a2b06cc879e22eb050e8a0a64"", ""205d2b7c44111ef33540e4db16b003cb5e9c4ae085c4410e900d6328bfc9588a"", ""a474b1732bc313ba766fdebf628a2ee286d98b97a9fc976f9ad4fbdcb3d151cc""], ""source_voltage_mapping_basis"": ""The first voltage photograph within each combination is assigned SOURCE following the established capture convention. The probe endpoint is not visible in these DMM photographs; this label is inferred rather than independently verified by the image."", ""temperature_source"": ""user_message_via_metadata"", ""load_mass_area_distribution"": ""not supplied"", ""fault_counts"": null}",19.588,3.240,27.2,,,,19.769,3.241,27.1,,,
M0-M3,2,ZERO,FULL,200,CONTINUOUS_USB_READ,2026-09-07,35.907,3.279,3.278,3.279,117.739053,42.6,29.2,0,,,1,,False,False,"{""combo"": ""M0-M3"", ""module_count"": ""2"", ""load"": ""ZERO"", ""protocol_mode"": ""FULL"", ""configured_frequency_Hz"": ""200"", ""current_filename_date_batch"": ""2026-09-07"", ""I_M0_main_mA"": ""17.985"", ""I_M1_main_mA"": """", ""I_M2_main_mA"": """", ""I_M3_main_mA"": ""17.922"", ""I_sum_mA"": ""35.907"", ""V_source_main_V"": ""3.279"", ""V_source_min_V"": ""3.278"", ""V_source_max_V"": ""3.279"", ""P_source_output_estimate_mW"": ""117.739053"", ""power_uses_cross_record_voltage"": ""True"", ""power_is_simultaneous_measurement"": ""False"", ""branch_sum_is_simultaneous_measurement"": ""False"", ""source_voltage_path"": ""DATA/raw/canonical/power_experiment_records/transmission/n=2/M0-M3/zero_load/PS01_N2_F200_ZERO_M0-M3_USB_RX_VOLTAGE_R1.yaml"", ""source_voltage_sha256"": ""ea37816dd44a084a23490a531bc5eaa8634403acc6a4bbe63375234b9ae4de80"", ""source_voltage_run_id"": ""PS01_N2_F200_ZERO_M0-M3_USB_RX_VOLTAGE_R1"", ""source_voltage_photo_paths"": ""DATA/raw/canonical/power_experiment_records/transmission/n=2/M0-M3/zero_load/IMG_20260906_232855.jpg"", ""source_voltage_photo_original_references"": ""DATA/raw/canonical/power_experiment_records/transmission/n=2/M0-M3/IMG_20260906_232855.jpg"", ""source_voltage_photo_sha256"": ""be9a773ea9595f2acd6642ce04ead2900e21c318f4cc77e3edc3e41f874057a2"", ""voltage_configuration_kind"": ""SAME_RECORD_VOLTAGE_CONFIGURATION"", ""current_temperature_remeasured_after_connector_repair"": """", ""voltage_quality_event_id"": """", ""T_M0_stm32_C"": ""27.3"", ""T_M1_stm32_C"": """", ""T_M2_stm32_C"": """", ""T_M3_stm32_C"": ""26.4"", ""T_teensy_C"": ""42.6"", ""T_regulator_C"": ""29.2"", ""I_N1_prediction_mA"": ""36.56"", ""prediction_residual_mA"": ""-0.653"", ""prediction_residual_percent"": ""-1.786105032822757111597374179"", ""n_current_records_in_this_condition"": ""1"", ""within_condition_repeat_SD_mA"": """", ""current_MIN_MAX_complete_branches"": ""2"", ""source_record_run_id"": ""PS01_N2_F200_ZERO_M0-M3_USB_RX_VOLTAGE_R1"", ""current_source"": ""DATA/raw/canonical/power_experiment_records/current_temperature_supplements/n2_zero_20260907.csv""}",17.985,3.237,27.3,,,,,,,17.922,3.241,26.4
M0-M3,2,MAX,FULL,200,CONTINUOUS_USB_READ,2026-09-07,39.335,3.278,3.278,3.278,128.940130,42.6,28.9,,,,1,,False,False,"{""source_record"": ""DATA/raw/canonical/power_experiment_records/current_temperature_supplements/n2_max_20260907.csv"", ""source_record_sha256"": ""a2e9c5a596f28a6fd2712ba11964b5225dc0a26a7949b22472683013757841ee"", ""metadata"": ""DATA/raw/canonical/power_experiment_records/current_temperature_supplements/n2_max_20260907_metadata.json"", ""metadata_sha256"": ""e335661ecc64456d4bab510dd44a104fdb3c6989946054dd1783394a7d6660bc"", ""configuration_photo_paths"": [""DATA/raw/canonical/power_experiment_records/transmission/n=2/M0-M3/IMG_20260907_030620.jpg"", ""DATA/raw/canonical/power_experiment_records/transmission/n=2/M0-M3/IMG_20260907_030754.jpg"", ""DATA/raw/canonical/power_experiment_records/transmission/n=2/M0-M3/IMG_20260907_030911.jpg"", ""DATA/raw/canonical/power_experiment_records/transmission/n=2/M0-M3/IMG_20260907_031106.jpg"", ""DATA/raw/canonical/power_experiment_records/transmission/n=2/M0-M3/IMG_20260907_031302.jpg""], ""configuration_photo_sha256"": [""0e6854eebf4595e5c3443f0d46e8a6b183361570a06b7f9aea601b17c2a392c6"", ""4fe1d2be5f0d02aaecb4419601972186b4d557920e4bcb1ba773a15f50073858"", ""db51320498aa2f62822fbf3331057c831f6def2ec17ef014294695ba4afd4383"", ""156b877dbe27a60258ee063bdf43cd80f0782caf8d26edc8e047c877a5b53983"", ""812f52a6bfe98e93754525c290186abc513592272c68f42f775631494f39400d""], ""source_voltage_mapping_basis"": ""The first voltage photograph within each combination is assigned SOURCE following the established capture convention. The probe endpoint is not visible in these DMM photographs; this label is inferred rather than independently verified by the image."", ""temperature_source"": ""user_message_via_metadata"", ""load_mass_area_distribution"": ""not supplied"", ""fault_counts"": null}",19.664,3.241,27.3,,,,,,,19.671,3.244,26.9
M1-M2,2,ZERO,FULL,200,CONTINUOUS_USB_READ,2026-09-07,36.261,3.278,3.278,3.278,118.863558,42.8,29.1,0,,,1,,False,False,"{""combo"": ""M1-M2"", ""module_count"": ""2"", ""load"": ""ZERO"", ""protocol_mode"": ""FULL"", ""configured_frequency_Hz"": ""200"", ""current_filename_date_batch"": ""2026-09-07"", ""I_M0_main_mA"": """", ""I_M1_main_mA"": ""18.151"", ""I_M2_main_mA"": ""18.110"", ""I_M3_main_mA"": """", ""I_sum_mA"": ""36.261"", ""V_source_main_V"": ""3.278"", ""V_source_min_V"": ""3.278"", ""V_source_max_V"": ""3.278"", ""P_source_output_estimate_mW"": ""118.863558"", ""power_uses_cross_record_voltage"": ""True"", ""power_is_simultaneous_measurement"": ""False"", ""branch_sum_is_simultaneous_measurement"": ""False"", ""source_voltage_path"": ""DATA/raw/canonical/power_experiment_records/transmission/n=2/M1-M2/zero_load/PS01_N2_F200_ZERO_M1-M2_USB_RX_VOLTAGE_R1.yaml"", ""source_voltage_sha256"": ""6de2a9ff6fe5d6035346802c2411c29a8ed87e0ef5c54d376eb7b73e1ba08979"", ""source_voltage_run_id"": ""PS01_N2_F200_ZERO_M1-M2_USB_RX_VOLTAGE_R1"", ""source_voltage_photo_paths"": ""DATA/raw/canonical/power_experiment_records/transmission/n=2/M1-M2/zero_load/IMG_20260906_233306.jpg"", ""source_voltage_photo_original_references"": ""DATA/raw/canonical/power_experiment_records/transmission/n=2/M1-M2/IMG_20260906_233306.jpg"", ""source_voltage_photo_sha256"": ""3d753b4168d64ef862ffc0149338427602720f81ba18b6652615c736abdb9049"", ""voltage_configuration_kind"": ""SAME_RECORD_VOLTAGE_CONFIGURATION"", ""current_temperature_remeasured_after_connector_repair"": """", ""voltage_quality_event_id"": """", ""T_M0_stm32_C"": """", ""T_M1_stm32_C"": ""26.5"", ""T_M2_stm32_C"": ""26.3"", ""T_M3_stm32_C"": """", ""T_teensy_C"": ""42.8"", ""T_regulator_C"": ""29.1"", ""I_N1_prediction_mA"": ""36.74"", ""prediction_residual_mA"": ""-0.479"", ""prediction_residual_percent"": ""-1.303756124115405552531301034"", ""n_current_records_in_this_condition"": ""1"", ""within_condition_repeat_SD_mA"": """", ""current_MIN_MAX_complete_branches"": ""2"", ""source_record_run_id"": ""PS01_N2_F200_ZERO_M1-M2_USB_RX_VOLTAGE_R1"", ""current_source"": ""DATA/raw/canonical/power_experiment_records/current_temperature_supplements/n2_zero_20260907.csv""}",,,,18.151,3.252,26.5,18.110,3.247,26.3,,,
M1-M2,2,MAX,FULL,200,CONTINUOUS_USB_READ,2026-09-07,39.719,3.277,3.277,3.277,130.159163,43.1,29.2,,,,1,,False,False,"{""source_record"": ""DATA/raw/canonical/power_experiment_records/current_temperature_supplements/n2_max_20260907.csv"", ""source_record_sha256"": ""a2e9c5a596f28a6fd2712ba11964b5225dc0a26a7949b22472683013757841ee"", ""metadata"": ""DATA/raw/canonical/power_experiment_records/current_temperature_supplements/n2_max_20260907_metadata.json"", ""metadata_sha256"": ""e335661ecc64456d4bab510dd44a104fdb3c6989946054dd1783394a7d6660bc"", ""configuration_photo_paths"": [""DATA/raw/canonical/power_experiment_records/transmission/n=2/M1-M2/IMG_20260907_031825.jpg"", ""DATA/raw/canonical/power_experiment_records/transmission/n=2/M1-M2/IMG_20260907_032016.jpg"", ""DATA/raw/canonical/power_experiment_records/transmission/n=2/M1-M2/IMG_20260907_032139.jpg"", ""DATA/raw/canonical/power_experiment_records/transmission/n=2/M1-M2/IMG_20260907_032207.jpg"", ""DATA/raw/canonical/power_experiment_records/transmission/n=2/M1-M2/IMG_20260907_032232.jpg""], ""configuration_photo_sha256"": [""62a94cbbe5fd2b78f71163a17ae7d2d29121c38e91d689634a13dc2d89a8aeca"", ""b7ff30018bf4bcc9cdbf582a7af3160e073559f7af613e3aa563c841b0792076"", ""9078837ac6f32fac442cb7caf5190889d8abf879cb8234afb8e621e44f9d9959"", ""be8d002483e0a3d69131e0f4a970720bfdd790f71d8db378834a8d6627c03420"", ""5bc6d401c8ff8d26d50a3e6a647dde001aefa429d609b0b72583b4b3ca2c0b5c""], ""source_voltage_mapping_basis"": ""The first voltage photograph within each combination is assigned SOURCE following the established capture convention. The probe endpoint is not visible in these DMM photographs; this label is inferred rather than independently verified by the image."", ""temperature_source"": ""user_message_via_metadata"", ""load_mass_area_distribution"": ""not supplied"", ""fault_counts"": null}",,,,19.99,3.251,26.9,19.729,3.244,26.7,,,
M1-M3,2,ZERO,FULL,200,CONTINUOUS_USB_READ,2026-09-07,36.561,3.278,3.278,3.279,119.846958,42.5,28.8,0,,,1,,False,False,"{""combo"": ""M1-M3"", ""module_count"": ""2"", ""load"": ""ZERO"", ""protocol_mode"": ""FULL"", ""configured_frequency_Hz"": ""200"", ""current_filename_date_batch"": ""2026-09-07"", ""I_M0_main_mA"": """", ""I_M1_main_mA"": ""18.464"", ""I_M2_main_mA"": """", ""I_M3_main_mA"": ""18.097"", ""I_sum_mA"": ""36.561"", ""V_source_main_V"": ""3.278"", ""V_source_min_V"": ""3.278"", ""V_source_max_V"": ""3.279"", ""P_source_output_estimate_mW"": ""119.846958"", ""power_uses_cross_record_voltage"": ""True"", ""power_is_simultaneous_measurement"": ""False"", ""branch_sum_is_simultaneous_measurement"": ""False"", ""source_voltage_path"": ""DATA/raw/canonical/power_experiment_records/transmission/n=2/M1-M3/zero_load/PS01_N2_F200_ZERO_M1-M3_USB_RX_VOLTAGE_R1.yaml"", ""source_voltage_sha256"": ""d3aac60eb88bfcb9208d4acf2ceb07be8d751e33e28b3316085f5470a26458cc"", ""source_voltage_run_id"": ""PS01_N2_F200_ZERO_M1-M3_USB_RX_VOLTAGE_R1"", ""source_voltage_photo_paths"": ""DATA/raw/canonical/power_experiment_records/transmission/n=2/M1-M3/zero_load/IMG_20260906_233839.jpg"", ""source_voltage_photo_original_references"": ""DATA/raw/canonical/power_experiment_records/transmission/n=2/M1-M3/IMG_20260906_233839.jpg"", ""source_voltage_photo_sha256"": ""1b42628f0bea0e4e6da5ce7de53f527868380894046d0fbff298de29b436170b"", ""voltage_configuration_kind"": ""SAME_RECORD_VOLTAGE_CONFIGURATION"", ""current_temperature_remeasured_after_connector_repair"": """", ""voltage_quality_event_id"": """", ""T_M0_stm32_C"": """", ""T_M1_stm32_C"": ""26.7"", ""T_M2_stm32_C"": """", ""T_M3_stm32_C"": ""26.5"", ""T_teensy_C"": ""42.5"", ""T_regulator_C"": ""28.8"", ""I_N1_prediction_mA"": ""36.78"", ""prediction_residual_mA"": ""-0.219"", ""prediction_residual_percent"": ""-0.5954323001631321370309951060"", ""n_current_records_in_this_condition"": ""1"", ""within_condition_repeat_SD_mA"": """", ""current_MIN_MAX_complete_branches"": ""2"", ""source_record_run_id"": ""PS01_N2_F200_ZERO_M1-M3_USB_RX_VOLTAGE_R1"", ""current_source"": ""DATA/raw/canonical/power_experiment_records/current_temperature_supplements/n2_zero_20260907.csv""}",,,,18.464,3.248,26.7,,,,18.097,3.245,26.5
M1-M3,2,MAX,FULL,200,CONTINUOUS_USB_READ,2026-09-07,40.016,3.277,3.277,3.278,131.132432,42.7,29.2,,,,1,,False,False,"{""source_record"": ""DATA/raw/canonical/power_experiment_records/current_temperature_supplements/n2_max_20260907.csv"", ""source_record_sha256"": ""a2e9c5a596f28a6fd2712ba11964b5225dc0a26a7949b22472683013757841ee"", ""metadata"": ""DATA/raw/canonical/power_experiment_records/current_temperature_supplements/n2_max_20260907_metadata.json"", ""metadata_sha256"": ""e335661ecc64456d4bab510dd44a104fdb3c6989946054dd1783394a7d6660bc"", ""configuration_photo_paths"": [""DATA/raw/canonical/power_experiment_records/transmission/n=2/M1-M3/IMG_20260907_032708.jpg"", ""DATA/raw/canonical/power_experiment_records/transmission/n=2/M1-M3/IMG_20260907_032730.jpg"", ""DATA/raw/canonical/power_experiment_records/transmission/n=2/M1-M3/IMG_20260907_032751.jpg"", ""DATA/raw/canonical/power_experiment_records/transmission/n=2/M1-M3/IMG_20260907_032928.jpg"", ""DATA/raw/canonical/power_experiment_records/transmission/n=2/M1-M3/IMG_20260907_033036.jpg""], ""configuration_photo_sha256"": [""b9cf989e8867fa8771f9045fcfd474cac9fb860ffb4f7fa420ddecd097e704db"", ""bc0e879bf9e8b426673a80abfed7a82b719ad12ac02fba85914c75374e0cdbb1"", ""979ac982dea17b33d628c4da9e6247e3595b777e81c12df0445911cc80f990bd"", ""a3523e3c06f6eea89debb852a19d2d6e39a7b508752c509bae633f9ee7ba0b90"", ""c01b1f9a9cd644b176d68653704cd774be313c49fd458240f56098a6cdfbed13""], ""source_voltage_mapping_basis"": ""The first voltage photograph within each combination is assigned SOURCE following the established capture convention. The probe endpoint is not visible in these DMM photographs; this label is inferred rather than independently verified by the image."", ""temperature_source"": ""user_message_via_metadata"", ""load_mass_area_distribution"": ""not supplied"", ""fault_counts"": null}",,,,20.32,3.250,27.2,,,,19.696,3.246,26.6
M2-M3,2,ZERO,FULL,200,CONTINUOUS_USB_READ,2026-09-05,36.534,3.279,3.278,3.279,119.794986,42.6,29.2,0,,,1,,False,False,"{""combo"": ""M2-M3"", ""module_count"": ""2"", ""load"": ""ZERO"", ""protocol_mode"": ""FULL"", ""configured_frequency_Hz"": ""200"", ""current_filename_date_batch"": ""2026-09-05"", ""I_M0_main_mA"": """", ""I_M1_main_mA"": """", ""I_M2_main_mA"": ""18.379"", ""I_M3_main_mA"": ""18.155"", ""I_sum_mA"": ""36.534"", ""V_source_main_V"": ""3.279"", ""V_source_min_V"": ""3.278"", ""V_source_max_V"": ""3.279"", ""P_source_output_estimate_mW"": ""119.794986"", ""power_uses_cross_record_voltage"": ""False"", ""power_is_simultaneous_measurement"": ""False"", ""branch_sum_is_simultaneous_measurement"": ""False"", ""source_voltage_path"": ""DATA/raw/canonical/power_experiment_records/transmission/n=2/M2-M3/zero_load/PS01_N2_F200_ZERO_M2-M3_USB_RX_R1.yaml"", ""source_voltage_sha256"": ""b50050a18d67351c74810a9376ad094906abec2e5c6c944e645fddea7bd4dc2d"", ""source_voltage_run_id"": ""PS01_N2_F200_ZERO_M2-M3_USB_RX_R1"", ""source_voltage_photo_paths"": """", ""source_voltage_photo_original_references"": """", ""source_voltage_photo_sha256"": """", ""voltage_configuration_kind"": ""SAME_RECORD_VOLTAGE_CONFIGURATION"", ""current_temperature_remeasured_after_connector_repair"": """", ""voltage_quality_event_id"": """", ""T_M0_stm32_C"": """", ""T_M1_stm32_C"": """", ""T_M2_stm32_C"": ""26.7"", ""T_M3_stm32_C"": ""27.1"", ""T_teensy_C"": ""42.6"", ""T_regulator_C"": ""29.2"", ""I_N1_prediction_mA"": ""36.76"", ""prediction_residual_mA"": ""-0.226"", ""prediction_residual_percent"": ""-0.6147986942328618063112078346"", ""n_current_records_in_this_condition"": ""1"", ""within_condition_repeat_SD_mA"": """", ""current_MIN_MAX_complete_branches"": ""2"", ""source_record_run_id"": ""PS01_N2_F200_ZERO_M2-M3_USB_RX_R1"", ""current_source"": ""DATA/raw/canonical/power_experiment_records/transmission/n=2/M2-M3/zero_load/PS01_N2_F200_ZERO_M2-M3_USB_RX_R1.yaml""}",,,,,,,18.379,3.248,26.7,18.155,3.248,27.1
M2-M3,2,MAX,FULL,200,CONTINUOUS_USB_READ,2026-09-05,39.379,3.278,3.278,3.279,129.084362,42.8,29.4,2000,,,1,,False,False,"{""source_record"": ""DATA/raw/canonical/power_experiment_records/transmission/n=2/M2-M3/full_load/PS01_N2_F200_MAX_M2-M3_USB_RX_R1.yaml"", ""source_record_sha256"": ""16702fb7acfa55949c2c84878861f02ecf076e32b994f91455267644b310b43a"", ""configuration_photo_paths"": [""DATA/raw/canonical/power_experiment_records/transmission/n=2/M2-M3/full_load/IMG_20260905_120020.jpg"", ""DATA/raw/canonical/power_experiment_records/transmission/n=2/M2-M3/full_load/IMG_20260905_120123.jpg"", ""DATA/raw/canonical/power_experiment_records/transmission/n=2/M2-M3/full_load/IMG_20260905_120250.jpg"", ""DATA/raw/canonical/power_experiment_records/transmission/n=2/M2-M3/full_load/IMG_20260905_120321.jpg"", ""DATA/raw/canonical/power_experiment_records/transmission/n=2/M2-M3/full_load/IMG_20260905_120353.jpg""], ""configuration_photo_sha256"": [""5d310316b09cef213a834e2bf7be0c43b46b1902ccdecc9e6b2963b9b98a60f4"", ""238a62b9bab0b1d56e498f7c836f40323e30a1d0089b3d8bfba20830b8bfd6f6"", ""eaccfcf82a0cc9747ba78826dbc2d5d374e44821ed5d2bab3202e8dca5a2ed0d"", ""bf747617981b8ef4f18740cedea31a534ff01ac277e8d1bc548ea2feb57c27ac"", ""03983d34374f2dcf252a5b803102fe724764255129a69d5b8c1f6bbede689d9b""], ""individual_photo_mapping"": ""not_reassigned_original_YAML_plus_group_photos"", ""firmware_actual_rate_verified_by_photos"": false, ""fault_counts"": ""original YAML zeros are template defaults, not verified fault-monitoring outcomes""}",,,,,,,19.705,3.245,26.8,19.674,3.246,26.9
M0-M1-M2,3,ZERO,FULL,200,CONTINUOUS_USB_READ,2026-09-05,54.481,3.276,3.276,3.277,178.479756,42.8,30.5,0,,,1,,False,False,"{""combo"": ""M0-M1-M2"", ""module_count"": ""3"", ""load"": ""ZERO"", ""protocol_mode"": ""FULL"", ""configured_frequency_Hz"": ""200"", ""current_filename_date_batch"": ""2026-09-05"", ""I_M0_main_mA"": ""17.968"", ""I_M1_main_mA"": ""18.13"", ""I_M2_main_mA"": ""18.383"", ""I_M3_main_mA"": """", ""I_sum_mA"": ""54.481"", ""V_source_main_V"": ""3.276"", ""V_source_min_V"": ""3.276"", ""V_source_max_V"": ""3.277"", ""P_source_output_estimate_mW"": ""178.479756"", ""power_uses_cross_record_voltage"": ""False"", ""power_is_simultaneous_measurement"": ""False"", ""branch_sum_is_simultaneous_measurement"": ""False"", ""source_voltage_path"": ""DATA/raw/canonical/power_experiment_records/transmission/n=3/M0-M1-M2/zero_load/PS01_N3_F200_ZERO_M0-M1-M2_USB_RX_R1.yaml"", ""source_voltage_sha256"": ""3bfdf897927c11c1207228c0ebd3f8545bcd97a5252597358858b494b307db85"", ""source_voltage_run_id"": ""PS01_N3_F200_ZERO_M0-M1-M2_USB_RX_R1"", ""source_voltage_photo_paths"": """", ""source_voltage_photo_original_references"": """", ""source_voltage_photo_sha256"": """", ""voltage_configuration_kind"": ""USER_CONFIRMED_POINTWISE_CORRECTION"", ""current_temperature_remeasured_after_connector_repair"": ""False"", ""voltage_quality_event_id"": ""SUPPLY_CONTACT_M0_N3_ZERO_20260907"", ""T_M0_stm32_C"": ""27.5"", ""T_M1_stm32_C"": ""27.2"", ""T_M2_stm32_C"": ""26.8"", ""T_M3_stm32_C"": """", ""T_teensy_C"": ""42.8"", ""T_regulator_C"": ""30.5"", ""I_N1_prediction_mA"": ""54.90"", ""prediction_residual_mA"": ""-0.419"", ""prediction_residual_percent"": ""-0.7632058287795992714025500911"", ""n_current_records_in_this_condition"": ""1"", ""within_condition_repeat_SD_mA"": """", ""current_MIN_MAX_complete_branches"": ""3"", ""source_record_run_id"": ""PS01_N3_F200_ZERO_M0-M1-M2_USB_RX_R1"", ""current_source"": ""DATA/raw/canonical/power_experiment_records/transmission/n=3/M0-M1-M2/zero_load/PS01_N3_F200_ZERO_M0-M1-M2_USB_RX_R1.yaml""}",17.968,3.241,27.5,18.13,3.250,27.2,18.383,3.246,26.8,,,
M0-M1-M2,3,MAX,FULL,200,CONTINUOUS_USB_READ,2026-09-05,59.328,3.276,3.275,3.276,194.358528,42.8,30.5,2000,,,1,,False,False,"{""source_record"": ""DATA/raw/canonical/power_experiment_records/transmission/n=3/M0-M1-M2/full_load/PS01_N3_F200_MAX_M0-M1-M2_USB_RX_R1.yaml"", ""source_record_sha256"": ""31e4de3dd989405d4b9493b715842080243526e317562b584b09ae90ebcb5f27"", ""configuration_photo_paths"": [""DATA/raw/canonical/power_experiment_records/transmission/n=3/M0-M1-M2/full_load/IMG_20260905_124443.jpg"", ""DATA/raw/canonical/power_experiment_records/transmission/n=3/M0-M1-M2/full_load/IMG_20260905_124626.jpg"", ""DATA/raw/canonical/power_experiment_records/transmission/n=3/M0-M1-M2/full_load/IMG_20260905_124739.jpg"", ""DATA/raw/canonical/power_experiment_records/transmission/n=3/M0-M1-M2/full_load/IMG_20260905_125421.jpg"", ""DATA/raw/canonical/power_experiment_records/transmission/n=3/M0-M1-M2/full_load/IMG_20260905_130906.jpg"", ""DATA/raw/canonical/power_experiment_records/transmission/n=3/M0-M1-M2/full_load/IMG_20260905_130928.jpg"", ""DATA/raw/canonical/power_experiment_records/transmission/n=3/M0-M1-M2/full_load/IMG_20260905_130948.jpg""], ""configuration_photo_sha256"": [""aaebe8b7190ea352dd9ba723252f1820d4539540ad1d2b6949f619571ad0033e"", ""ecdd5264c7b1c547684621c92b13ee9444abbfeed8062ac051768669fe559ddd"", ""a267c26fba8d088e3da2936a37c0c853a6741e79dd0a3c132b2c7dca96f65b8b"", ""32eca0d47ca451496d9b1f245f662796192c7a5f90d43a5c9ef3ce01f4c573da"", ""065e3dcafb32c3ce562dbd6b7f2943b9eeac6de5bc4525a1e818cbda2486e32e"", ""8c035652c5973934f4f81d7db78dc53114c35c346e9af3ae8feeae29c66bd43b"", ""b1256a5a2560f6157e4c5f134ddc5c3095ddddf8ed1983dd0ab59a10923b98f1""], ""individual_photo_mapping"": ""not_reassigned_original_YAML_plus_group_photos"", ""firmware_actual_rate_verified_by_photos"": false, ""fault_counts"": ""original YAML zeros are template defaults, not verified fault-monitoring outcomes""}",19.703,3.237,27.5,19.879,3.246,27.2,19.746,3.242,26.8,,,
M0-M1-M3,3,ZERO,FULL,200,CONTINUOUS_USB_READ,2026-09-07,54.159,3.277,3.277,3.277,177.479043,42.7,29.6,0,,,1,,False,False,"{""combo"": ""M0-M1-M3"", ""module_count"": ""3"", ""load"": ""ZERO"", ""protocol_mode"": ""FULL"", ""configured_frequency_Hz"": ""200"", ""current_filename_date_batch"": ""2026-09-07"", ""I_M0_main_mA"": ""18.005"", ""I_M1_main_mA"": ""18.110"", ""I_M2_main_mA"": """", ""I_M3_main_mA"": ""18.044"", ""I_sum_mA"": ""54.159"", ""V_source_main_V"": ""3.277"", ""V_source_min_V"": ""3.277"", ""V_source_max_V"": ""3.277"", ""P_source_output_estimate_mW"": ""177.479043"", ""power_uses_cross_record_voltage"": ""True"", ""power_is_simultaneous_measurement"": ""False"", ""branch_sum_is_simultaneous_measurement"": ""False"", ""source_voltage_path"": ""DATA/raw/canonical/power_experiment_records/transmission/n=3/M0-M1-M3/zero_load/PS01_N3_F200_ZERO_M0-M1-M3_USB_RX_VOLTAGE_R1.yaml"", ""source_voltage_sha256"": ""5b2c74f7f3098d0dda00b67e6722170919d59941eb3f3bf74e754bd298a4ec09"", ""source_voltage_run_id"": ""PS01_N3_F200_ZERO_M0-M1-M3_USB_RX_VOLTAGE_R1"", ""source_voltage_photo_paths"": ""DATA/raw/canonical/power_experiment_records/transmission/n=3/M0-M1-M3/zero_load/IMG_20260907_000539.jpg"", ""source_voltage_photo_original_references"": ""DATA/raw/canonical/power_experiment_records/transmission/n=3/M0-M1-M3/IMG_20260907_000539.jpg"", ""source_voltage_photo_sha256"": ""7f12161f64210c0b3e7712ac409afe21ff73cfe08d1beabb81b8199cc46a9579"", ""voltage_configuration_kind"": ""SAME_RECORD_VOLTAGE_CONFIGURATION"", ""current_temperature_remeasured_after_connector_repair"": """", ""voltage_quality_event_id"": """", ""T_M0_stm32_C"": ""27.4"", ""T_M1_stm32_C"": ""26.7"", ""T_M2_stm32_C"": """", ""T_M3_stm32_C"": ""26.9"", ""T_teensy_C"": ""42.7"", ""T_regulator_C"": ""29.6"", ""I_N1_prediction_mA"": ""54.94"", ""prediction_residual_mA"": ""-0.781"", ""prediction_residual_percent"": ""-1.421550782672005824535857299"", ""n_current_records_in_this_condition"": ""1"", ""within_condition_repeat_SD_mA"": """", ""current_MIN_MAX_complete_branches"": ""3"", ""source_record_run_id"": ""PS01_N3_F200_ZERO_M0-M1-M3_USB_RX_VOLTAGE_R1"", ""current_source"": ""DATA/raw/canonical/power_experiment_records/current_temperature_supplements/n3_zero_20260907.csv""}",18.005,3.241,27.4,18.110,3.248,26.7,,,,18.044,3.249,26.9
M0-M1-M3,3,MAX,FULL,200,CONTINUOUS_USB_READ,2026-09-07,58.631,3.275,3.274,3.275,192.016525,42.6,30.0,,,,1,,False,False,"{""source_record"": ""DATA/raw/canonical/power_experiment_records/current_temperature_supplements/n3_max_20260907.csv"", ""source_record_sha256"": ""6a6fef809ef59a524230b2909c9f409a753476390ad210dbfb13c2bad6808f5f"", ""metadata"": ""DATA/raw/canonical/power_experiment_records/current_temperature_supplements/n3_max_20260907_metadata.json"", ""metadata_sha256"": ""a561e9a8b23d33f260d1837211c57b8ff725c492c6a069f7d23ffbc11988506e"", ""configuration_photo_paths"": [""DATA/raw/canonical/power_experiment_records/transmission/n=3/M0-M1-M3/IMG_20260907_033428.jpg"", ""DATA/raw/canonical/power_experiment_records/transmission/n=3/M0-M1-M3/IMG_20260907_033545.jpg"", ""DATA/raw/canonical/power_experiment_records/transmission/n=3/M0-M1-M3/IMG_20260907_033654.jpg"", ""DATA/raw/canonical/power_experiment_records/transmission/n=3/M0-M1-M3/IMG_20260907_033809.jpg"", ""DATA/raw/canonical/power_experiment_records/transmission/n=3/M0-M1-M3/IMG_20260907_033856.jpg"", ""DATA/raw/canonical/power_experiment_records/transmission/n=3/M0-M1-M3/IMG_20260907_033917.jpg"", ""DATA/raw/canonical/power_experiment_records/transmission/n=3/M0-M1-M3/IMG_20260907_033942.jpg""], ""configuration_photo_sha256"": [""2b82753bb6e2118201d9de6827a2508f811151c7c578a38f05908d19596d6e04"", ""2ddda425e8993d0974c941b9246c99ce813eaae208afea271fa126df99f413c2"", ""94616de005a85d2245bab7803f7757d41b2f27103f2416e4862055a8aa3f3519"", ""5c5135627617520bd4c42f806a9730303827eaa8c1fc766f921c11017f4c88ed"", ""fefc6ddc74429dd8c5f389d1bfbbc0412195372b8a35c7260d91514bdd4b0eea"", ""af34bb207fc2eb2c60c4ae3be8f35674dd82c7917a14a194d9f0a4ffdc938d39"", ""06736dc89a9b698a6a0d00bef71753ea7d9965eab42aeff467ab490e5559c5ee""], ""source_voltage_mapping_basis"": ""Assign first voltage photo in each combination to SOURCE under the established capture convention. Probe endpoint is not visible, so identity is inferred rather than independently verified in the photograph."", ""temperature_source"": ""user_message_via_metadata"", ""load_mass_area_distribution"": ""not supplied"", ""fault_counts"": null}",19.648,3.239,27.4,19.805,3.248,27.3,,,,19.178,3.243,26.9
M0-M2-M3,3,ZERO,FULL,200,CONTINUOUS_USB_READ,2026-09-07,54.130,3.276,3.276,3.277,177.329880,42.6,29.2,0,,,1,,False,False,"{""combo"": ""M0-M2-M3"", ""module_count"": ""3"", ""load"": ""ZERO"", ""protocol_mode"": ""FULL"", ""configured_frequency_Hz"": ""200"", ""current_filename_date_batch"": ""2026-09-07"", ""I_M0_main_mA"": ""17.993"", ""I_M1_main_mA"": """", ""I_M2_main_mA"": ""18.069"", ""I_M3_main_mA"": ""18.068"", ""I_sum_mA"": ""54.130"", ""V_source_main_V"": ""3.276"", ""V_source_min_V"": ""3.276"", ""V_source_max_V"": ""3.277"", ""P_source_output_estimate_mW"": ""177.329880"", ""power_uses_cross_record_voltage"": ""True"", ""power_is_simultaneous_measurement"": ""False"", ""branch_sum_is_simultaneous_measurement"": ""False"", ""source_voltage_path"": ""DATA/raw/canonical/power_experiment_records/transmission/n=3/M0-M2-M3/zero_load/PS01_N3_F200_ZERO_M0-M2-M3_USB_RX_VOLTAGE_R1.yaml"", ""source_voltage_sha256"": ""7ac9267e6536148eef3d68ae21bd79fee309cc0779c33dacdeb5087682c4f47d"", ""source_voltage_run_id"": ""PS01_N3_F200_ZERO_M0-M2-M3_USB_RX_VOLTAGE_R1"", ""source_voltage_photo_paths"": ""DATA/raw/canonical/power_experiment_records/transmission/n=3/M0-M2-M3/zero_load/IMG_20260907_002056.jpg"", ""source_voltage_photo_original_references"": ""DATA/raw/canonical/power_experiment_records/transmission/n=3/M0-M2-M3/IMG_20260907_002056.jpg"", ""source_voltage_photo_sha256"": ""e8353872781b06d1c9fbd036bd98f94709493b7b7e2059fcd9d339d7f345865b"", ""voltage_configuration_kind"": ""SAME_RECORD_VOLTAGE_CONFIGURATION"", ""current_temperature_remeasured_after_connector_repair"": """", ""voltage_quality_event_id"": """", ""T_M0_stm32_C"": ""27.4"", ""T_M1_stm32_C"": """", ""T_M2_stm32_C"": ""26.6"", ""T_M3_stm32_C"": ""26.6"", ""T_teensy_C"": ""42.6"", ""T_regulator_C"": ""29.2"", ""I_N1_prediction_mA"": ""54.92"", ""prediction_residual_mA"": ""-0.790"", ""prediction_residual_percent"": ""-1.438455935906773488710852149"", ""n_current_records_in_this_condition"": ""1"", ""within_condition_repeat_SD_mA"": """", ""current_MIN_MAX_complete_branches"": ""3"", ""source_record_run_id"": ""PS01_N3_F200_ZERO_M0-M2-M3_USB_RX_VOLTAGE_R1"", ""current_source"": ""DATA/raw/canonical/power_experiment_records/current_temperature_supplements/n3_zero_20260907.csv""}",17.993,3.241,27.4,,,,18.069,3.242,26.6,18.068,3.244,26.6
M0-M2-M3,3,MAX,FULL,200,CONTINUOUS_USB_READ,2026-09-07,58.279,3.275,3.275,3.275,190.863725,42.6,29.6,,,,1,,False,False,"{""source_record"": ""DATA/raw/canonical/power_experiment_records/current_temperature_supplements/n3_max_20260907.csv"", ""source_record_sha256"": ""6a6fef809ef59a524230b2909c9f409a753476390ad210dbfb13c2bad6808f5f"", ""metadata"": ""DATA/raw/canonical/power_experiment_records/current_temperature_supplements/n3_max_20260907_metadata.json"", ""metadata_sha256"": ""a561e9a8b23d33f260d1837211c57b8ff725c492c6a069f7d23ffbc11988506e"", ""configuration_photo_paths"": [""DATA/raw/canonical/power_experiment_records/transmission/n=3/M0-M2-M3/IMG_20260907_034438.jpg"", ""DATA/raw/canonical/power_experiment_records/transmission/n=3/M0-M2-M3/IMG_20260907_034509.jpg"", ""DATA/raw/canonical/power_experiment_records/transmission/n=3/M0-M2-M3/IMG_20260907_034530.jpg"", ""DATA/raw/canonical/power_experiment_records/transmission/n=3/M0-M2-M3/IMG_20260907_034555.jpg"", ""DATA/raw/canonical/power_experiment_records/transmission/n=3/M0-M2-M3/IMG_20260907_034818.jpg"", ""DATA/raw/canonical/power_experiment_records/transmission/n=3/M0-M2-M3/IMG_20260907_035053.jpg"", ""DATA/raw/canonical/power_experiment_records/transmission/n=3/M0-M2-M3/IMG_20260907_035303.jpg""], ""configuration_photo_sha256"": [""8f747ec954b7f3d8922e97fc84c7113f9a8c03e3e353f054055eb91c991fc545"", ""dd4aba296ec96014b35b16c9245c850d568a939e2fdfceefd955b641b1b2018c"", ""9a6079b1e4a39fb7057af5da3f62e8789833d09b51bd1264d6e1d0651a4ad4db"", ""406b916991929c1a4d81840fee987538fa339c9fe7de8a9bff890906583b2084"", ""e52ac36fb23297bad0a38340e3ed1450a3c7ce10a3e47c715ee61a5d47906e1e"", ""ae1d1436c85d6e61d0c982f22ecb009dfa467216c0da1e78da671ad907c973a3"", ""aab2cdff93720de5f7c1c634a3756bd1cc536a60eeabae20163503ee5afb7676""], ""source_voltage_mapping_basis"": ""Assign first voltage photo in each combination to SOURCE under the established capture convention. Probe endpoint is not visible, so identity is inferred rather than independently verified in the photograph."", ""temperature_source"": ""user_message_via_metadata"", ""load_mass_area_distribution"": ""not supplied"", ""fault_counts"": null}",19.505,3.240,27.2,,,,19.451,3.242,26.8,19.323,3.243,26.6
M1-M2-M3,3,ZERO,FULL,200,CONTINUOUS_USB_READ,2026-09-05,54.851,3.276,3.276,3.277,179.691876,43.0,30.6,0,,,1,,False,False,"{""combo"": ""M1-M2-M3"", ""module_count"": ""3"", ""load"": ""ZERO"", ""protocol_mode"": ""FULL"", ""configured_frequency_Hz"": ""200"", ""current_filename_date_batch"": ""2026-09-05"", ""I_M0_main_mA"": """", ""I_M1_main_mA"": ""18.107"", ""I_M2_main_mA"": ""18.361"", ""I_M3_main_mA"": ""18.383"", ""I_sum_mA"": ""54.851"", ""V_source_main_V"": ""3.276"", ""V_source_min_V"": ""3.276"", ""V_source_max_V"": ""3.277"", ""P_source_output_estimate_mW"": ""179.691876"", ""power_uses_cross_record_voltage"": ""False"", ""power_is_simultaneous_measurement"": ""False"", ""branch_sum_is_simultaneous_measurement"": ""False"", ""source_voltage_path"": ""DATA/raw/canonical/power_experiment_records/transmission/n=3/M1-M2-M3/zero_load/PS01_N3_F200_ZERO_M1-M2-M3_USB_RX_R1.yaml"", ""source_voltage_sha256"": ""c05ab0823c9d26dc0956d827927022f30b82f7edac55885308bafad9ce9cd911"", ""source_voltage_run_id"": ""PS01_N3_F200_ZERO_M1-M2-M3_USB_RX_R1"", ""source_voltage_photo_paths"": """", ""source_voltage_photo_original_references"": """", ""source_voltage_photo_sha256"": """", ""voltage_configuration_kind"": ""SAME_RECORD_VOLTAGE_CONFIGURATION"", ""current_temperature_remeasured_after_connector_repair"": """", ""voltage_quality_event_id"": """", ""T_M0_stm32_C"": """", ""T_M1_stm32_C"": ""27.3"", ""T_M2_stm32_C"": ""27.1"", ""T_M3_stm32_C"": ""26.9"", ""T_teensy_C"": ""43.0"", ""T_regulator_C"": ""30.6"", ""I_N1_prediction_mA"": ""55.14"", ""prediction_residual_mA"": ""-0.289"", ""prediction_residual_percent"": ""-0.5241204207471889735219441422"", ""n_current_records_in_this_condition"": ""1"", ""within_condition_repeat_SD_mA"": """", ""current_MIN_MAX_complete_branches"": ""3"", ""source_record_run_id"": ""PS01_N3_F200_ZERO_M1-M2-M3_USB_RX_R1"", ""current_source"": ""DATA/raw/canonical/power_experiment_records/transmission/n=3/M1-M2-M3/zero_load/PS01_N3_F200_ZERO_M1-M2-M3_USB_RX_R1.yaml""}",,,,18.107,3.249,27.3,18.361,3.245,27.1,18.383,3.249,26.9
M1-M2-M3,3,MAX,FULL,200,CONTINUOUS_USB_READ,2026-09-05,59.617,3.276,3.276,3.276,195.305292,42.6,30.4,2000,,,1,,False,False,"{""source_record"": ""DATA/raw/canonical/power_experiment_records/transmission/n=3/M1-M2-M3/full_load/PS01_N3_F200_MAX_M1-M2-M3_USB_RX_R1.yaml"", ""source_record_sha256"": ""4892e0d86e57c09da28d32627cf7ae4928f16b7b79963522a83846c2477c0423"", ""configuration_photo_paths"": [""DATA/raw/canonical/power_experiment_records/transmission/n=3/M1-M2-M3/full_load/IMG_20260905_131332.jpg"", ""DATA/raw/canonical/power_experiment_records/transmission/n=3/M1-M2-M3/full_load/IMG_20260905_131352.jpg"", ""DATA/raw/canonical/power_experiment_records/transmission/n=3/M1-M2-M3/full_load/IMG_20260905_131414.jpg"", ""DATA/raw/canonical/power_experiment_records/transmission/n=3/M1-M2-M3/full_load/IMG_20260905_131433.jpg"", ""DATA/raw/canonical/power_experiment_records/transmission/n=3/M1-M2-M3/full_load/IMG_20260905_131728.jpg"", ""DATA/raw/canonical/power_experiment_records/transmission/n=3/M1-M2-M3/full_load/IMG_20260905_132040.jpg"", ""DATA/raw/canonical/power_experiment_records/transmission/n=3/M1-M2-M3/full_load/IMG_20260905_132253.jpg""], ""configuration_photo_sha256"": [""4f10f6bc27394d091da383ca56d903c41517dd6d2be97461902b51033eac9ff3"", ""368fa117d056c9885b1b3067a1fdf27e63fe3b368de175e88bc858a1749813b9"", ""3dbe34e7dfcf993d4c062c8ee3c423640b598515a364eef6c032d018977c340f"", ""e2b022b3b37d5ade84046fbbb7504877d6f154cc3230d9f2a80007113096c07e"", ""bf767954d530e1eed0ed8cff3dd98fa5cd60d6d993579264110c3f0096687197"", ""64e5ed2d88e3c11d9e4d38d1ea73e1ec34b61bb9221e412f9c822bdf09b43cac"", ""3d4bc32007c687faaea3d5fa23498e49f362055dbf641017422db3778411c75c""], ""individual_photo_mapping"": ""not_reassigned_original_YAML_plus_group_photos"", ""firmware_actual_rate_verified_by_photos"": false, ""fault_counts"": ""original YAML zeros are template defaults, not verified fault-monitoring outcomes""}",,,,20.14,3.249,27.4,19.756,3.243,27.3,19.721,3.232,27.1
M0-M1-M2-M3,4,ZERO,FULL,200,CONTINUOUS_USB_READ,2026-09-05,72.513,3.274,3.273,3.274,237.407562,42.0,31.0,0,,,1,,False,False,"{""combo"": ""M0-M1-M2-M3"", ""module_count"": ""4"", ""load"": ""ZERO"", ""protocol_mode"": ""FULL"", ""configured_frequency_Hz"": ""200"", ""current_filename_date_batch"": ""2026-09-05"", ""I_M0_main_mA"": ""18.024"", ""I_M1_main_mA"": ""18.302"", ""I_M2_main_mA"": ""18.095"", ""I_M3_main_mA"": ""18.092"", ""I_sum_mA"": ""72.513"", ""V_source_main_V"": ""3.274"", ""V_source_min_V"": ""3.273"", ""V_source_max_V"": ""3.274"", ""P_source_output_estimate_mW"": ""237.407562"", ""power_uses_cross_record_voltage"": ""False"", ""power_is_simultaneous_measurement"": ""False"", ""branch_sum_is_simultaneous_measurement"": ""False"", ""source_voltage_path"": ""DATA/raw/canonical/power_experiment_records/transmission/n=4/M0-M1-M2-M3/zero_load/PS01_N4_F200_ZERO_M0-M1-M2-M3_USB_RX_R1.yaml"", ""source_voltage_sha256"": ""d4aac0c47b7db4f3eb9060d65d999e826499d6b3cdda5174650d9a2c04294c01"", ""source_voltage_run_id"": ""PS01_N4_F200_ZERO_M0-M1-M2-M3_USB_RX_R1"", ""source_voltage_photo_paths"": """", ""source_voltage_photo_original_references"": """", ""source_voltage_photo_sha256"": """", ""voltage_configuration_kind"": ""SAME_RECORD_VOLTAGE_CONFIGURATION"", ""current_temperature_remeasured_after_connector_repair"": """", ""voltage_quality_event_id"": """", ""T_M0_stm32_C"": ""28.0"", ""T_M1_stm32_C"": ""27.8"", ""T_M2_stm32_C"": ""27.6"", ""T_M3_stm32_C"": ""27.5"", ""T_teensy_C"": ""42.0"", ""T_regulator_C"": ""31.0"", ""I_N1_prediction_mA"": ""73.30"", ""prediction_residual_mA"": ""-0.787"", ""prediction_residual_percent"": ""-1.073669849931787175989085948"", ""n_current_records_in_this_condition"": ""1"", ""within_condition_repeat_SD_mA"": """", ""current_MIN_MAX_complete_branches"": ""4"", ""source_record_run_id"": ""PS01_N4_F200_ZERO_M0-M1-M2-M3_USB_RX_R1"", ""current_source"": ""DATA/raw/canonical/power_experiment_records/transmission/n=4/M0-M1-M2-M3/zero_load/PS01_N4_F200_ZERO_M0-M1-M2-M3_USB_RX_R1.yaml""}",18.024,3.240,28.0,18.302,3.245,27.8,18.095,3.243,27.6,18.092,3.248,27.5
M0-M1-M2-M3,4,MAX,FULL,200,CONTINUOUS_USB_READ,2026-09-05,78.720,3.273,3.273,3.273,257.650560,42.3,31.2,2000,,,1,,False,False,"{""source_record"": ""DATA/raw/canonical/power_experiment_records/transmission/n=4/M0-M1-M2-M3/full_load/PS01_N4_F200_MAX_M0-M1-M2-M3_USB_RX_R1.yaml"", ""source_record_sha256"": ""5d646a643cf07a40cc5e0526dcee4cfde2e0bf50405af0e858298c54ba203102"", ""configuration_photo_paths"": [""DATA/raw/canonical/power_experiment_records/transmission/n=4/M0-M1-M2-M3/full_load/IMG_20260905_133637.jpg"", ""DATA/raw/canonical/power_experiment_records/transmission/n=4/M0-M1-M2-M3/full_load/IMG_20260905_133920.jpg"", ""DATA/raw/canonical/power_experiment_records/transmission/n=4/M0-M1-M2-M3/full_load/IMG_20260905_134110.jpg"", ""DATA/raw/canonical/power_experiment_records/transmission/n=4/M0-M1-M2-M3/full_load/IMG_20260905_134309.jpg"", ""DATA/raw/canonical/power_experiment_records/transmission/n=4/M0-M1-M2-M3/full_load/IMG_20260905_134442.jpg"", ""DATA/raw/canonical/power_experiment_records/transmission/n=4/M0-M1-M2-M3/full_load/IMG_20260905_134500.jpg"", ""DATA/raw/canonical/power_experiment_records/transmission/n=4/M0-M1-M2-M3/full_load/IMG_20260905_134543.jpg"", ""DATA/raw/canonical/power_experiment_records/transmission/n=4/M0-M1-M2-M3/full_load/IMG_20260905_134702.jpg"", ""DATA/raw/canonical/power_experiment_records/transmission/n=4/M0-M1-M2-M3/full_load/IMG_20260905_140315.jpg""], ""configuration_photo_sha256"": [""4241d8eefbe51fee6b2fd8339d811aae3215c55e33553813bb297e75cdaaf409"", ""8148a839a9eb6c7577b3351221a5967ab87c31d607e6ccff4da6c4e595b774c9"", ""fb7c7085e3f2962e28abda0277d0c291102589a4a602827eed3ac28cc6e189da"", ""a7b582f7c67c9ccaa72f3e99d4727a59406d674d7dbf5f950d20a70140931059"", ""d9c82206dc8000202512c0dbdac6c1543f29c1596c6e068fa83d38cfece530ec"", ""33cded8ee27fe12b0c247024fe48c29f4e8f0e74368a29009404b5b9ae3b9e9d"", ""e3194e7605637495411ac1002e06dc7f831c5462653dd84dc9d78c94562357a0"", ""26df3607ead0462a79b282eb01aa8c20e7fd97e81abf5fa908db9e4de71d72cb"", ""074e19253e8a27ec253d4f9b8998355ebd20b3a471fdef9823491315f35b382a""], ""individual_photo_mapping"": ""not_reassigned_original_YAML_plus_group_photos"", ""firmware_actual_rate_verified_by_photos"": false, ""fault_counts"": ""original YAML zeros are template defaults, not verified fault-monitoring outcomes""}",19.657,3.237,27.9,19.97,3.245,27.6,19.6,3.24,28.0,19.493,3.242,27.8
