run_id,module_count,module_ids,repeat_id,frequency_hz,protocol_mode,load,V_source_avg_V,V_source_min_V,V_source_max_V,I_total_avg_mA,I_total_min_est_mA,I_total_max_est_mA,source_power_mW,worst_module_avg_V,worst_module_min_V,max_voltage_drop_avg_V,branch_current_cv_percent,max_stm32_C,T_regulator_C,T_teensy_C,fault_count,branch_current_sum_error_mA,measurement_start_time,measurement_duration_s,conclusion,data_quality
PS01_N1_F200_ZERO_M0_R1,1,Module0,1,200,FULL,ZERO,3.281,3.281,3.282,8.13,8.112,14.5,26.67453,3.267,3.266,0.014,0,26.1,27.1,39.5,0,0,2026-08-31 17:00,,INCOMPLETE,Current peak requires repeat measurement; power-supply current-limit setting not recorded.
PS01_N1_F200_ZERO_M1_R1,1,Module1,1,200,FULL,ZERO,3.281,3.281,3.282,8.119,8.112,15.98,26.638439,3.271,3.27,0.01,0,25.9,28.9,45,0,0,,,INCOMPLETE,Module current; measurement start time; and power-supply current-limit setting remain unavailable.
PS01_N1_F200_ZERO_M2_R1,1,Module2,1,200,FULL,ZERO,3.281,3.281,3.282,8.988,8.866,16.99,29.489628,3.267,3.266,0.014,0,25.9,28.4,45,0,0,2026-08-31 17:41,,INCOMPLETE,Module branch current; measurement start time; and power-supply current-limit setting remain unavailable.
PS01_N1_F200_ZERO_M3_R1,1,Module3,1,200,FULL,ZERO,3.281,3.281,3.282,8.174,8.031,16.3,26.818894,3.265,3.264,0.016,0,25.9,29.2,44.9,0,0,2026-08-31 17:41,,INCOMPLETE,Module branch current; measurement start time; and power-supply current-limit setting remain unavailable.
PS01_N2_F200_ZERO_R1,2,"Module0,Module1",1,200,FULL,ZERO,3.28,3.28,3.28,16.267,16.238,32.4,53.35576,3.263,3.262,0.017,0.584004426139,26.1,29.3,45.7,0,0,,,INCOMPLETE,Measurement start time; measurement duration; and power-supply current-limit setting remain unavailable; total minimum and maximum are unsynchronized estimates.
PS01_N3_F200_ZERO_R1,3,"Module0,Module1,Module2",1,200,FULL,ZERO,3.279,3.279,3.279,25.179,24.779,48.53,82.561941,3.263,3.262,0.016,4.0946685938,26.3,29,46.4,0,-3.5527136788e-15,,,INCOMPLETE,Measurement start time; measurement duration; and power-supply current-limit setting remain unavailable; total minimum and maximum are unsynchronized estimates.
PS01_N4_F200_ZERO_R1,4,"Module0,Module1,Module2,Module3",1,200,FULL,ZERO,3.278,3.278,3.279,32.492,32.028,64.22,106.508776,3.26,3.259,0.018,2.06635030273,,,,0,0,,,INCOMPLETE,"Measurement start time, duration, temperatures and state counters were not recorded."
PS01_N2_F200_ZERO_M2_M3_R1,2,"Module2,Module3",1,200,FULL,ZERO,3.28,3.279,3.28,16.646,16.38,,54.59888,3.266,3.265,0.014,5.82722575994,25.9,28.8,44.95,0,0,,,INCOMPLETE,"Measurement time, duration, source current extrema and stable branch maxima were not provided; temperature values are inherited reference values; total minimum is an unsynchronised estimate from branch minima."
PS01_N3_F200_ZERO_M1_M2_M3_R1,3,"Module1,Module2,Module3",1,200,FULL,ZERO,3.279,3.278,3.279,24.91,24.47,46.45,81.67989,3.265,3.264,0.014,5.08142417412,25.9,28.83,44.97,0,0,,,INCOMPLETE,"Measurement time, duration and source current extrema were not provided; temperature values are inherited reference values; total minimum and maximum are unsynchronised estimates."
