run_id,file_name,old_path,new_path,old_relative_path,new_relative_path,bytes,sha256,source_review
20260907_051941_159689,events.jsonl,D:\study\programming\ESKIN\E-SKIN\docs\Final\data scalability\data\20260907_051941_159689\events.jsonl,D:\study\programming\ESKIN\E-SKIN\docs\Final\data scalability\data\DELTA\Dynamic_load\N=1\200Hz\M1\Large_area_press_release\Repeat_1\events.jsonl,20260907_051941_159689/events.jsonl,DELTA/Dynamic_load/N=1/200Hz/M1/Large_area_press_release/Repeat_1/events.jsonl,7783,093242da26f0caaa29a6f2b94d125a7fbf36bd77ab5356b946b01d62830b278c,20260907_delta_press_release_review
20260907_051941_159689,experiment_log.md,D:\study\programming\ESKIN\E-SKIN\docs\Final\data scalability\data\20260907_051941_159689\experiment_log.md,D:\study\programming\ESKIN\E-SKIN\docs\Final\data scalability\data\DELTA\Dynamic_load\N=1\200Hz\M1\Large_area_press_release\Repeat_1\experiment_log.md,20260907_051941_159689/experiment_log.md,DELTA/Dynamic_load/N=1/200Hz/M1/Large_area_press_release/Repeat_1/experiment_log.md,7305,244890971828b89a256cda7ce43746b7dd7508334fbddf78542e3b4cb10fda93,20260907_delta_press_release_review
20260907_051941_159689,module_log.csv,D:\study\programming\ESKIN\E-SKIN\docs\Final\data scalability\data\20260907_051941_159689\module_log.csv,D:\study\programming\ESKIN\E-SKIN\docs\Final\data scalability\data\DELTA\Dynamic_load\N=1\200Hz\M1\Large_area_press_release\Repeat_1\module_log.csv,20260907_051941_159689/module_log.csv,DELTA/Dynamic_load/N=1/200Hz/M1/Large_area_press_release/Repeat_1/module_log.csv,3024989,4c5ebc393cb17b4358676501f0fc76cbd18b5a925f66d6da3998ea71321ac033,20260907_delta_press_release_review
20260907_051941_159689,mul1_raw.bin,D:\study\programming\ESKIN\E-SKIN\docs\Final\data scalability\data\20260907_051941_159689\mul1_raw.bin,D:\study\programming\ESKIN\E-SKIN\docs\Final\data scalability\data\DELTA\Dynamic_load\N=1\200Hz\M1\Large_area_press_release\Repeat_1\mul1_raw.bin,20260907_051941_159689/mul1_raw.bin,DELTA/Dynamic_load/N=1/200Hz/M1/Large_area_press_release/Repeat_1/mul1_raw.bin,1596806,8eff30668527a217bdd9173acc82dcac8bde76d12a66548b38b570769f2e12b4,20260907_delta_press_release_review
20260907_051941_159689,packet_log.csv,D:\study\programming\ESKIN\E-SKIN\docs\Final\data scalability\data\20260907_051941_159689\packet_log.csv,D:\study\programming\ESKIN\E-SKIN\docs\Final\data scalability\data\DELTA\Dynamic_load\N=1\200Hz\M1\Large_area_press_release\Repeat_1\packet_log.csv,20260907_051941_159689/packet_log.csv,DELTA/Dynamic_load/N=1/200Hz/M1/Large_area_press_release/Repeat_1/packet_log.csv,1683145,66e7a968e0db42cf11a801e5644fc826071d9945b08babbbec4a86846aaf418f,20260907_delta_press_release_review
20260907_051941_159689,summary.json,D:\study\programming\ESKIN\E-SKIN\docs\Final\data scalability\data\20260907_051941_159689\summary.json,D:\study\programming\ESKIN\E-SKIN\docs\Final\data scalability\data\DELTA\Dynamic_load\N=1\200Hz\M1\Large_area_press_release\Repeat_1\summary.json,20260907_051941_159689/summary.json,DELTA/Dynamic_load/N=1/200Hz/M1/Large_area_press_release/Repeat_1/summary.json,50420,65d58264d810baa922a27f4c0540d71e99a2e18072a47647b8a5d872492fa07b,20260907_delta_press_release_review
20260907_052021_196300,events.jsonl,D:\study\programming\ESKIN\E-SKIN\docs\Final\data scalability\data\20260907_052021_196300\events.jsonl,D:\study\programming\ESKIN\E-SKIN\docs\Final\data scalability\data\DELTA\Dynamic_load\N=1\200Hz\M1\Large_area_press_release\Repeat_2\events.jsonl,20260907_052021_196300/events.jsonl,DELTA/Dynamic_load/N=1/200Hz/M1/Large_area_press_release/Repeat_2/events.jsonl,7207,6ed73446e4c533a4155ffdf8a40c9d6497a440cb15162b49542e8cb251b503b9,20260907_delta_press_release_review
20260907_052021_196300,experiment_log.md,D:\study\programming\ESKIN\E-SKIN\docs\Final\data scalability\data\20260907_052021_196300\experiment_log.md,D:\study\programming\ESKIN\E-SKIN\docs\Final\data scalability\data\DELTA\Dynamic_load\N=1\200Hz\M1\Large_area_press_release\Repeat_2\experiment_log.md,20260907_052021_196300/experiment_log.md,DELTA/Dynamic_load/N=1/200Hz/M1/Large_area_press_release/Repeat_2/experiment_log.md,6605,0b2102df0db33fc9186af31c42b9677b058f62533d44c359980db8774e1bb959,20260907_delta_press_release_review
20260907_052021_196300,module_log.csv,D:\study\programming\ESKIN\E-SKIN\docs\Final\data scalability\data\20260907_052021_196300\module_log.csv,D:\study\programming\ESKIN\E-SKIN\docs\Final\data scalability\data\DELTA\Dynamic_load\N=1\200Hz\M1\Large_area_press_release\Repeat_2\module_log.csv,20260907_052021_196300/module_log.csv,DELTA/Dynamic_load/N=1/200Hz/M1/Large_area_press_release/Repeat_2/module_log.csv,3038863,b1f08f3758ab46f09f8e4b35b23931308b5bdfd4182b7ca5de73cfd83ed91f11,20260907_delta_press_release_review
20260907_052021_196300,mul1_raw.bin,D:\study\programming\ESKIN\E-SKIN\docs\Final\data scalability\data\20260907_052021_196300\mul1_raw.bin,D:\study\programming\ESKIN\E-SKIN\docs\Final\data scalability\data\DELTA\Dynamic_load\N=1\200Hz\M1\Large_area_press_release\Repeat_2\mul1_raw.bin,20260907_052021_196300/mul1_raw.bin,DELTA/Dynamic_load/N=1/200Hz/M1/Large_area_press_release/Repeat_2/mul1_raw.bin,1516100,aa9b10cc3c83fc5cd07c7eaec81947da9704ead7d59f680c05e56d670660c7bb,20260907_delta_press_release_review
20260907_052021_196300,packet_log.csv,D:\study\programming\ESKIN\E-SKIN\docs\Final\data scalability\data\20260907_052021_196300\packet_log.csv,D:\study\programming\ESKIN\E-SKIN\docs\Final\data scalability\data\DELTA\Dynamic_load\N=1\200Hz\M1\Large_area_press_release\Repeat_2\packet_log.csv,20260907_052021_196300/packet_log.csv,DELTA/Dynamic_load/N=1/200Hz/M1/Large_area_press_release/Repeat_2/packet_log.csv,1684023,b276729e496dadf6d904aee91d70e2e367b1e15b985432674dd7c9e0bfd47c28,20260907_delta_press_release_review
20260907_052021_196300,summary.json,D:\study\programming\ESKIN\E-SKIN\docs\Final\data scalability\data\20260907_052021_196300\summary.json,D:\study\programming\ESKIN\E-SKIN\docs\Final\data scalability\data\DELTA\Dynamic_load\N=1\200Hz\M1\Large_area_press_release\Repeat_2\summary.json,20260907_052021_196300/summary.json,DELTA/Dynamic_load/N=1/200Hz/M1/Large_area_press_release/Repeat_2/summary.json,47895,eb16050f8409e7042ae1ab0ba2b784c24b52e2938338646a6a76a610c266a888,20260907_delta_press_release_review
20260907_052101_230925,events.jsonl,D:\study\programming\ESKIN\E-SKIN\docs\Final\data scalability\data\20260907_052101_230925\events.jsonl,D:\study\programming\ESKIN\E-SKIN\docs\Final\data scalability\data\DELTA\Dynamic_load\N=1\200Hz\M1\Large_area_press_release\Repeat_3\events.jsonl,20260907_052101_230925/events.jsonl,DELTA/Dynamic_load/N=1/200Hz/M1/Large_area_press_release/Repeat_3/events.jsonl,7200,12d75a39aa2538e60396e1a430dda67c759059ff5ba42ea3c730a3850719f49f,20260907_delta_press_release_review
20260907_052101_230925,experiment_log.md,D:\study\programming\ESKIN\E-SKIN\docs\Final\data scalability\data\20260907_052101_230925\experiment_log.md,D:\study\programming\ESKIN\E-SKIN\docs\Final\data scalability\data\DELTA\Dynamic_load\N=1\200Hz\M1\Large_area_press_release\Repeat_3\experiment_log.md,20260907_052101_230925/experiment_log.md,DELTA/Dynamic_load/N=1/200Hz/M1/Large_area_press_release/Repeat_3/experiment_log.md,6564,ab126c2ea9c0f792cc74010ef44696b50bf29bb9cb4e2d9ee8c4d445dc0b8f00,20260907_delta_press_release_review
20260907_052101_230925,module_log.csv,D:\study\programming\ESKIN\E-SKIN\docs\Final\data scalability\data\20260907_052101_230925\module_log.csv,D:\study\programming\ESKIN\E-SKIN\docs\Final\data scalability\data\DELTA\Dynamic_load\N=1\200Hz\M1\Large_area_press_release\Repeat_3\module_log.csv,20260907_052101_230925/module_log.csv,DELTA/Dynamic_load/N=1/200Hz/M1/Large_area_press_release/Repeat_3/module_log.csv,3038616,fad4beb5fdb3652d0f449bc9a126a1737c28d2bac0bbfed1aed4d01c4ba7450d,20260907_delta_press_release_review
20260907_052101_230925,mul1_raw.bin,D:\study\programming\ESKIN\E-SKIN\docs\Final\data scalability\data\20260907_052101_230925\mul1_raw.bin,D:\study\programming\ESKIN\E-SKIN\docs\Final\data scalability\data\DELTA\Dynamic_load\N=1\200Hz\M1\Large_area_press_release\Repeat_3\mul1_raw.bin,20260907_052101_230925/mul1_raw.bin,DELTA/Dynamic_load/N=1/200Hz/M1/Large_area_press_release/Repeat_3/mul1_raw.bin,1473671,ea1772a909f2a88f28a2c4e4cf5af86493a567f9c090699f59974a15e97ca2b8,20260907_delta_press_release_review
20260907_052101_230925,packet_log.csv,D:\study\programming\ESKIN\E-SKIN\docs\Final\data scalability\data\20260907_052101_230925\packet_log.csv,D:\study\programming\ESKIN\E-SKIN\docs\Final\data scalability\data\DELTA\Dynamic_load\N=1\200Hz\M1\Large_area_press_release\Repeat_3\packet_log.csv,20260907_052101_230925/packet_log.csv,DELTA/Dynamic_load/N=1/200Hz/M1/Large_area_press_release/Repeat_3/packet_log.csv,1684281,09e7f0a9bcfee56ba1d72a03a0f19c8c90bd14dce642a5522c42095ff92dc02f,20260907_delta_press_release_review
20260907_052101_230925,summary.json,D:\study\programming\ESKIN\E-SKIN\docs\Final\data scalability\data\20260907_052101_230925\summary.json,D:\study\programming\ESKIN\E-SKIN\docs\Final\data scalability\data\DELTA\Dynamic_load\N=1\200Hz\M1\Large_area_press_release\Repeat_3\summary.json,20260907_052101_230925/summary.json,DELTA/Dynamic_load/N=1/200Hz/M1/Large_area_press_release/Repeat_3/summary.json,46958,5e0047c4f48e0c1134c903f0561743029ed98fbe6021f6b6fe8d8cdfb4a68229,20260907_delta_press_release_review
