N,modules,mode,condition,target_hz,temporal_repeat_n,recorded_repeat_n,eligible_repeat_n,batch_n,batch_id,statistics_scope,statistic_run_ids,rate_Hz_mean,rate_Hz_sample_sd,rate_Hz_known_n,Lmean_B_mean,Lmean_B_sample_sd,Lmean_B_known_n,packet_Mbit_s_mean,packet_Mbit_s_sample_sd,packet_Mbit_s_known_n,raw_arrival_Mbit_s_mean,raw_arrival_Mbit_s_sample_sd,raw_arrival_Mbit_s_known_n,K_ESKD_mean,K_ESKD_sample_sd,K_ESKD_known_n,q_ESKF_mean,q_ESKF_sample_sd,q_ESKF_known_n,q_ESKF_pct_mean,q_ESKF_pct_sample_sd,q_ESKF_pct_known_n,K_effective_mean,K_effective_sample_sd,K_effective_known_n
1,M0,DELTA,zero_load,200,3,3,3,1,BATCH_2f989cb36d334ac587213f1a297dc628,all_recorded,20260907_013132_404213;20260907_013212_470890;20260907_013252_522986,200.12378153910586,0.03394141092522887,3,145.9908069239253,1.8105175128279027,3,0.2337296805227408,0.002876964922231073,3,0.23372985829060247,0.002876994714128254,3,8.61386217332981,0.9199429776884199,3,0.005052178277623434,9.542514509768941e-05,3,0.5052178277623434,0.009542514509768932,3,10.995403461962647,0.9052587564139526,3
1,M1,DELTA,zero_load,200,3,3,3,1,BATCH_8bcb3e1a139a4809be4bd491c4a085c4,all_recorded,20260907_013403_341631;20260907_013443_415053;20260907_013523_479494,200.3384113002493,0.027871537247611974,3,130.20663176854634,0.029988372693007186,3,0.208683118427604,5.851616264707646e-05,3,0.208683118427604,5.851616264707646e-05,3,0.7111242736894257,0.015177155960383546,3,0.004991126916238698,4.79445699403703e-07,3,0.49911269162386984,4.794456994036829e-05,3,3.1033158842731754,0.014994186346500364,3
1,M2,DELTA,zero_load,200,3,3,3,1,BATCH_b2fdee22f9b94a5f97759036b00fa981,all_recorded,20260907_013624_365237;20260907_013704_454625;20260907_013744_540625,200.16829822122946,0.07850743816868146,3,170.63648596491427,0.6197670143189811,3,0.27324788205333894,0.0008953710521551489,3,0.273248059819959,0.0008952956434167673,3,21.02540823768987,0.3105319397351305,3,0.0049955600874753035,2.093282064191777e-06,3,0.49955600874753037,0.00020932820641915333,3,23.31824298245714,0.3098835071594892,3
1,M3,DELTA,zero_load,200,3,3,3,1,BATCH_6f194970f8d14e3c94be44510f39fa22,all_recorded,20260907_013917_548818;20260907_013957_653007;20260907_014038_027023,200.00122890109589,0.573446785664057,3,134.1157764209261,0.36761285332652976,3,0.2145861496383992,0.0006789447687939452,3,0.21458632739923314,0.0006790465835267335,3,2.67283717153192,0.1829484432433545,3,0.004996680820043489,9.46179394815563e-06,3,0.49966808200434887,0.0009461793948155607,3,5.0578882104630445,0.18380642666326333,3
2,M0_M1,DELTA,zero_load,200,3,3,3,1,BATCH_dfc2ebbd8db041c5b2d9018b1dee2619,all_recorded,20260907_014203_200469;20260907_014243_220995;20260907_014323_266112,200.11936466853496,0.018000636243325333,3,233.43982664822744,2.3750071279410174,3,0.3737264107897375,0.0037685394512696787,3,0.37372658856472185,0.003768633650266167,3,3.9813170351654796,0.5965059500016204,3,0.004996946341397367,4.805644056635064e-07,3,0.4996946341397367,4.805644056634063e-05,3,6.359956662056861,0.5937517819852578,3
2,M0_M2,DELTA,zero_load,200,3,3,3,1,BATCH_7f9647ea41b9438fa2f830b83baf29c6,all_recorded,20260907_014425_784635;20260907_014505_874750;20260907_014545_965962,200.324236571949,0.4811906527202267,3,269.00166142351054,3.993924441066787,3,0.43109544310704095,0.005961073957165931,3,0.43109570973200384,0.005961073971111869,3,12.906153562320632,1.0116300019741218,3,0.005018798649256269,3.616948790231048e-05,3,0.5018798649256269,0.003616948790231019,3,15.250415355877642,0.9984811102666978,3
2,M0_M3,DELTA,zero_load,200,3,3,3,1,BATCH_b99cdc1d65b44cb59677a2c5e3e39f6a,all_recorded,20260907_014715_022979;20260907_014755_224321;20260907_014835_279154,199.8560981735626,0.34765593958073027,3,236.2665200954925,2.603805873681417,3,0.37775686828504884,0.004531685281129696,3,0.37775713489310836,0.004531685304941842,3,4.688879765328954,0.6561476782032415,3,0.005002509696878347,7.964686831677426e-06,3,0.5002509696878348,0.0007964686831677727,3,7.066630023873121,0.6509514684203528,3
2,M1_M2,DELTA,zero_load,200,3,3,3,1,BATCH_87a8929733aa49f48b160c96f56b245f,all_recorded,20260907_014946_645414;20260907_015026_779606;20260907_015106_825879,200.10660589690943,0.09451492483184264,3,265.9385206337746,0.38274541934935546,3,0.4257286019769564,0.0007906926960097543,3,0.4257286908611163,0.0007908123392122988,3,12.14744489347441,0.09596869890238696,3,0.004995559533444629,4.802443760981543e-07,3,0.4995559533444629,4.802443760980341e-05,3,14.484630158443647,0.09568635483734322,3
2,M1_M3,DELTA,zero_load,200,3,3,3,1,BATCH_949b70f5ee8047728fe43b97d160acd0,all_recorded,20260907_015217_328962;20260907_015257_395753;20260907_015337_478535,201.61315369943856,2.07130397188088,3,239.45445684079334,4.828411659277801,3,0.386167470689804,0.004339360111149246,3,0.3861674706896266,0.004339095947715153,3,5.510255172767875,1.190507216325082,3,0.004959847073796997,5.085163207528142e-05,3,0.49598470737969974,0.005085163207528153,3,7.863614210198331,1.2071029148194485,3
2,M2_M3,DELTA,zero_load,200,3,3,3,1,BATCH_d8bda735d5aa42709b25fbc143ad2769,all_recorded,20260907_015550_103879;20260907_015630_225115;20260907_015710_248741,200.21637333047724,0.018359642038114108,3,267.7884501312161,0.5531864842709602,3,0.4289250095797328,0.0008507571563308782,3,0.428925187288772,0.0008508834432702012,3,12.613420691063064,0.13940967411593044,3,0.004993065402374579,1.2693085926303891e-06,3,0.49930654023745785,0.00012693085926304497,3,14.947112532804024,0.1382966210677394,3
3,M0_M1_M2,DELTA,zero_load,200,3,3,3,1,BATCH_5fbbc50f1d3f4cbc9371467ee380b749,all_recorded,20260907_020547_996772;20260907_020628_047087;20260907_020708_105510,200.1956188150675,0.015613155343768639,3,389.6480939292659,9.039913925876848,3,0.6240467595698417,0.014479962134052208,3,0.6240468484488569,0.01447988877738905,3,13.946874040881239,1.5141078464932856,3,0.00499472781810055,4.800844811834073e-07,3,0.499472781810055,4.8008448118338726e-05,3,16.274682321544315,1.5066523209794727,3
3,M0_M1_M3,DELTA,zero_load,200,3,3,3,1,BATCH_effca0df2e304d6fbd3170267cc6b254,all_recorded,20260907_020319_422751;20260907_020359_444605;20260907_020439_495918,200.13262201670466,0.05531929958714642,3,327.9933266551853,3.34169929542022,3,0.5251382566119224,0.005489582790196104,3,0.5251382566002641,0.0054894107135868885,3,3.618699721357826,0.5603547846692117,3,0.004996391710596234,1.271000279005462e-06,3,0.4996391710596234,0.00012710002790052537,3,5.998887775864211,0.556949882570036,3
3,M0_M2_M3,DELTA,zero_load,200,3,3,3,1,BATCH_9143ccc92d6444ee8de5e350756c8565,all_recorded,20260907_020041_855845;20260907_020121_954165;20260907_020202_020960,200.10872573354754,0.015357183221367473,3,367.87461007078815,4.159847491003793,3,0.588919440412577,0.006670473358605249,3,0.5889197070612602,0.006670473340282689,3,10.29869592772929,0.6969975843196751,3,0.004996946341397367,4.805644056635064e-07,3,0.4996946341397367,4.805644056634063e-05,3,12.645768345131355,0.6933079151672974,3
3,M1_M2_M3,DELTA,zero_load,200,3,3,3,1,BATCH_4938ea384f0d4a39bc04cb6a3bb282be,all_recorded,20260907_015809_623056;20260907_015849_721923;20260907_015929_769209,200.19953956467776,0.051393624574690586,3,357.444931602371,11.991720347101822,3,0.5724808718233123,0.019135455962588123,3,0.5724809607109616,0.01913553175051895,3,8.543993084104256,2.000684092696333,3,0.00501323100968505,3.300863688890096e-05,3,0.501323100968505,0.003300863688890072,3,10.907488600395169,1.998620057850305,3
4,M0_M1_M2_M3,DELTA,zero_load,200,3,3,3,1,BATCH_b3e4cf69fc4e4f66be277a0c7d909f35,all_recorded,20260907_020810_266713;20260907_020850_322476;20260907_020930_401399,200.60019658768357,0.8453966723491829,3,475.1477938869678,5.719525970903759,3,0.7625432995093676,0.012374861946287362,3,0.7625435661467628,0.012374861945968468,3,10.044482636066347,0.7171982427139422,3,0.004998330404656743,2.8778322917913665e-06,3,0.4998330404656743,0.00028778322917915266,3,12.393474235870972,0.7149407463629679,3
